1607
3.981071705534969 0.31622776601683794 0.10000000000000098 3.1 0.01 -0.9140000000000001 2.7570000000000006 0.01879596840098064 0.0027240533914464136 0.011985834922364366 
3.981071705534969 0.31622776601683794 0.15000000000000102 0.05 0.01 -2.86 -2.845 2.2000000000000712 3.2000000000000712 245.33333333333854 
3.981071705534969 0.31622776601683794 0.2500000000000011 3.0500000000000003 0.01 -0.9159999999999999 2.7800000000000002 0.005411255411255296 0.009199134199134387 0.009469696969696767 
3.981071705534969 1.0 -0.24999999999999933 3.0 0.01 -1.885 -1.8539999999999999 0.6451612903225712 1.1290322580645156 118.87096774193495 
3.981071705534969 1.0 0.2500000000000011 3.0 0.01 -1.886 1.7990000000000004 0.009497964721845355 0.005427408412482923 0.008683853459972869 
1.9952623149688788 0.01 0.05000000000000093 3.1 0.01 -0.020999999999999908 1.42 0.028452463566967644 0.020818875780707402 0.037473976405274306 
1.9952623149688788 0.01 0.15000000000000102 3.0500000000000003 0.01 -0.020999999999999908 1.3860000000000001 0.05401563610518807 0.01421464108031305 0.035536602700781676 
1.9952623149688788 0.03162277660168379 0.05000000000000093 0.05 0.01 -1.56 -1.472 0.7159090909090896 1.443181818181817 15.284090909090898 
1.9952623149688788 0.03162277660168379 0.05000000000000093 3.1 0.01 -0.06299999999999972 1.3479999999999999 0.021261516654854897 0.07725017717930548 0.04252303330970916 
1.9952623149688788 0.03162277660168379 0.10000000000000098 0.05 0.01 -1.562 -1.466 0.4791666666666667 1.6666666666666643 13.791666666666655 
1.9952623149688788 0.03162277660168379 0.10000000000000098 3.0500000000000003 0.01 -0.06400000000000006 1.263 0.11981914091936685 0.028636021100226266 0.07234363225320278 
1.9952623149688788 0.03162277660168379 0.10000000000000098 3.1 0.01 -0.06400000000000006 1.2320000000000002 0.15586419753086414 0.01620370370370363 0.09104938271604962 
1.9952623149688788 0.03162277660168379 0.15000000000000102 3.0500000000000003 0.01 -0.06400000000000006 1.279 0.0923306031273273 0.05510052122114657 0.042442293373045045 
1.9952623149688788 0.03162277660168379 0.20000000000000107 3.0 0.01 -0.06400000000000006 1.3090000000000002 0.03932993445010944 0.0823015294974505 0.0400582665695555 
1.9952623149688788 0.1 8.881784197001252e-16 0.05 0.01 -1.378 -1.332 30.021739130434902 2.152173913043491 0.10869565217391115 
1.9952623149688788 0.1 8.881784197001252e-16 0.1 0.01 -1.3739999999999999 0.040000000000000036 0.03818953323903807 0.03394625176803398 0.01838755304101856 
1.9952623149688788 0.1 8.881784197001252e-16 0.15000000000000002 0.01 -1.388 0.03100000000000014 0.06131078224101462 0.015503875968992418 0.019027484143763308 
1.9952623149688788 0.1 8.881784197001252e-16 3.0 0.01 -0.16699999999999982 -0.14100000000000001 1.0384615384615516 3.1538461538461724 54.53846153846196 
1.9952623149688788 0.1 8.881784197001252e-16 3.0500000000000003 0.01 -0.16699999999999982 -0.1419999999999999 2.0800000000000094 1.9600000000000042 56.48000000000022 
1.9952623149688788 0.1 8.881784197001252e-16 3.1 0.01 -0.15200000000000014 -0.051000000000000156 13.534653465346537 0.6831683168316828 1.4257425742574272 
1.9952623149688788 0.1 0.05000000000000093 0.05 0.01 -1.507 -1.418 2.269662921348315 0.8202247191011234 14.561797752808994 
1.9952623149688788 0.1 0.10000000000000098 0.1 0.01 -1.513 -1.395 1.1525423728813582 1.5508474576271187 10.661016949152552 
1.9952623149688788 0.1 0.10000000000000098 3.0500000000000003 0.01 -0.18199999999999994 1.146 0.05120481927710882 0.14457831325301151 0.07756024096385591 
1.9952623149688788 0.1 0.15000000000000102 3.0 0.01 -0.18599999999999994 1.096 0.12870514820592827 0.09594383775351031 0.09126365054602183 
1.9952623149688788 0.31622776601683794 -0.049999999999999156 0.05 0.01 -1.161 -1.1059999999999999 24.927272727272655 2.0727272727272643 1.145454545454545 
1.9952623149688788 0.31622776601683794 -0.049999999999999156 0.35000000000000003 0.01 -1.2089999999999999 0.12400000000000011 0.03750937734433595 0.1410352588147038 0.011252813203300918 
1.9952623149688788 0.31622776601683794 -0.049999999999999156 2.8000000000000003 0.01 -0.3759999999999999 -0.347 5.448275862068979 2.1724137931034604 46.10344827586221 
1.9952623149688788 0.31622776601683794 8.881784197001252e-16 0.15000000000000002 0.01 -1.166 0.02300000000000013 0.223717409587889 0.07401177460050469 0.04962153069806536 
1.9952623149688788 0.31622776601683794 8.881784197001252e-16 3.0 0.01 -0.43800000000000017 -0.3769999999999998 1.6229508196721167 4.131147540983584 19.475409836065445 
1.9952623149688788 0.31622776601683794 0.05000000000000093 0.1 0.01 -1.322 -1.178 1.215277777777777 3.215277777777774 6.374999999999996 
1.9952623149688788 0.31622776601683794 0.05000000000000093 3.0500000000000003 0.01 -0.3769999999999998 0.597 0.3850102669404518 0.2176591375770023 0.14168377823408618 
1.9952623149688788 0.31622776601683794 0.10000000000000098 0.15000000000000002 0.01 -1.305 -1.17 1.2666666666666653 2.3333333333333326 8.237037037037037 
1.9952623149688788 0.31622776601683794 0.10000000000000098 3.0 0.01 -0.4249999999999998 0.7229999999999999 0.2055749128919863 0.18815331010452946 0.11759581881533163 
1.9952623149688788 0.31622776601683794 0.10000000000000098 3.0500000000000003 0.01 -0.40700000000000003 0.714 0.1587867975022301 0.298840321141838 0.057091882247992914 
1.9952623149688788 1.0 -0.1999999999999993 2.7 0.01 -0.7530000000000001 -0.7349999999999999 11.611111111110962 7.777777777777657 69.44444444444352 
1.9952623149688788 1.0 -0.14999999999999925 0.35000000000000003 0.01 -0.8729999999999998 0.3770000000000002 0.11920000000000001 0.11039999999999991 0.07839999999999989 
1.9952623149688788 1.0 -0.0999999999999992 0.05 0.01 -0.7719999999999998 -0.7610000000000001 126.272727272731 14.000000000000403 11.363636363636697 
1.9952623149688788 1.0 -0.0999999999999992 0.30000000000000004 0.01 -0.8649999999999998 0.3160000000000003 0.012701100762065775 0.34462320067739205 0.02794242167654523 
1.9952623149688788 1.0 -0.0999999999999992 2.85 0.01 -0.7709999999999999 -0.7189999999999999 7.115384615384611 0.5192307692307628 22.807692307692285 
1.9952623149688788 1.0 -0.0999999999999992 3.1 0.01 -0.9100000000000001 -0.7789999999999999 1.053435114503814 10.618320610687004 0.1603053435114494 
1.9952623149688788 1.0 -0.049999999999999156 0.1 0.01 -0.7759999999999998 -0.7450000000000001 36.677419354839074 13.32258064516143 2.7419354838709937 
1.9952623149688788 1.0 -0.049999999999999156 3.0500000000000003 0.01 -0.887 -0.8109999999999999 5.315789473684204 14.999999999999988 0.5526315789473655 
1.9952623149688788 1.0 8.881784197001252e-16 0.15000000000000002 0.01 -0.7770000000000001 -0.7189999999999999 12.39655172413787 12.39655172413787 1.0 
1.9952623149688788 1.0 8.881784197001252e-16 3.0 0.01 -0.7770000000000001 -0.7039999999999997 9.6438356164383 9.643835616438306 0.9999999999999939 
1.9952623149688788 1.0 0.05000000000000093 0.1 0.01 -0.8900000000000001 -0.8050000000000002 4.85882352941177 13.3764705882353 0.36470588235294293 
1.9952623149688788 1.0 0.05000000000000093 3.0500000000000003 0.01 -0.7749999999999999 -0.7330000000000001 27.142857142857267 9.61904761904766 1.809523809523819 
1.9952623149688788 1.0 0.10000000000000098 0.05 0.01 -0.907 -0.782 1.2319999999999993 11.112000000000002 0.08800000000000097 
1.9952623149688788 1.0 0.10000000000000098 0.30000000000000004 0.01 -0.7709999999999999 -0.738 12.333333333333364 0.4545454545454594 35.78787878787888 
1.9952623149688788 1.0 0.10000000000000098 2.85 0.01 -0.8639999999999999 0.32200000000000006 0.0227655986509276 0.3119730185497468 0.043844856661045574 
1.9952623149688788 1.0 0.10000000000000098 3.1 0.01 -0.7709999999999999 -0.75 66.19047619047649 6.619047619047638 6.190476190476234 
1.9952623149688788 1.0 0.15000000000000102 0.35000000000000003 0.01 -0.762 -0.6640000000000001 1.4285714285714317 1.5000000000000044 12.755102040816345 
1.9952623149688788 1.0 0.20000000000000107 2.7 0.01 -0.8639999999999999 0.3860000000000001 0.11119999999999983 0.16799999999999998 0.01440000000000019 
3.981071705534969 0.31622776601683794 0.10000000000000098 3.1 0.001 -0.9140000000000001 2.7540000000000004 0.01608505997818955 0.008451472191930366 0.010087241003271515 
3.981071705534969 0.31622776601683794 0.15000000000000102 0.05 0.001 -2.88 -2.853 1.9629629629629994 1.44444444444445 136.18518518518675 
3.981071705534969 0.31622776601683794 0.2500000000000011 3.0500000000000003 0.001 -0.9159999999999999 2.752 0.008996728462377417 0.015539803707742744 0.007906215921483075 
3.981071705534969 0.31622776601683794 0.40000000000000124 3.0 0.001 -0.9140000000000001 2.7439999999999998 0.0062875888463642905 0.01831601968288687 0.004647348277747256 
3.981071705534969 1.0 -0.3499999999999994 2.95 0.001 -1.871 -1.8499999999999999 2.9999999999999787 0.5714285714285684 173.99999999999895 
3.981071705534969 1.0 -0.24999999999999933 3.0 0.001 -1.886 -1.861 1.8000000000000036 1.7600000000000078 146.32000000000053 
3.981071705534969 1.0 -0.0999999999999992 0.05 0.001 -1.888 1.7919999999999998 0.01032608695652181 0.014673913043478336 0.0057065217391304105 
3.981071705534969 1.0 0.10000000000000098 0.05 0.001 -1.905 -1.884 2.571428571428547 1.8095238095238 175.23809523809413 
3.981071705534969 1.0 0.2500000000000011 3.0 0.001 -1.886 1.7720000000000002 0.012028430836522578 0.012301804264625458 0.0068343357025698066 
3.981071705534969 1.0 0.3500000000000012 2.95 0.001 -1.879 1.7750000000000004 0.003284072249589372 0.017241379310344994 0.005747126436781583 
0.9999999999999994 0.0031622776601683794 -0.049999999999999156 1.25 0.001 -0.03100000000000014 -0.008999999999999897 0.4545454545454399 2.0909090909090797 0.4090909090908999 
0.9999999999999994 0.0031622776601683794 -0.049999999999999156 1.3 0.001 -0.03299999999999992 -0.01100000000000012 0.5000000000000101 1.9545454545454792 0.5000000000000101 
0.9999999999999994 0.0031622776601683794 -0.049999999999999156 1.35 0.001 -0.03399999999999981 -0.01399999999999979 0.6999999999999889 1.9500000000000055 0.6 
0.9999999999999994 0.0031622776601683794 -0.049999999999999156 1.4000000000000001 0.001 -0.03600000000000003 -0.016000000000000014 0.8 1.8 0.6499999999999945 
0.9999999999999994 0.0031622776601683794 -0.049999999999999156 1.4500000000000002 0.001 -0.03699999999999992 -0.019000000000000128 1.0555555555555747 1.8333333333333497 0.7222222222222496 
0.9999999999999994 0.0031622776601683794 -0.049999999999999156 1.5 0.001 -0.039000000000000146 -0.021999999999999797 1.2941176470587852 1.7647058823529196 0.8235294117646766 
0.9999999999999994 0.0031622776601683794 -0.049999999999999156 1.55 0.001 -0.040999999999999925 -0.02499999999999991 1.5624999999999931 1.6875000000000069 0.9375000000000069 
0.9999999999999994 0.0031622776601683794 -0.049999999999999156 1.6 0.001 -0.04300000000000015 -0.027000000000000135 1.6875000000000069 1.5 1.0 
0.9999999999999994 0.0031622776601683794 -0.049999999999999156 1.6500000000000001 0.001 -0.04499999999999993 -0.029999999999999805 1.9999999999999705 1.3999999999999821 1.200000000000006 
0.9999999999999994 0.0031622776601683794 -0.049999999999999156 1.7000000000000002 0.001 -0.04700000000000015 -0.03299999999999992 2.357142857142812 1.3571428571428434 1.2857142857142494 
0.9999999999999994 0.0031622776601683794 -0.049999999999999156 1.75 0.001 -0.04899999999999993 -0.03699999999999992 3.083333333333324 1.3333333333333333 1.5833333333333426 
0.9999999999999994 0.0031622776601683794 -0.049999999999999156 1.8 0.001 -0.052000000000000046 -0.040000000000000036 3.3333333333333335 1.1666666666666852 1.6666666666666667 
0.9999999999999994 0.0031622776601683794 -0.049999999999999156 1.85 0.001 -0.053999999999999826 -0.04400000000000004 4.400000000000098 1.1000000000000356 2.1000000000000356 
0.9999999999999994 0.0031622776601683794 -0.049999999999999156 1.9000000000000001 0.001 -0.05699999999999994 -0.04700000000000015 4.600000000000124 1.0 2.2000000000000712 
0.9999999999999994 0.0031622776601683794 -0.049999999999999156 2.95 0.001 -0.08099999999999996 -0.07399999999999984 4.571428571428499 4.571428571428499 5.285714285714186 
0.9999999999999994 0.0031622776601683794 0.05000000000000093 0.30000000000000004 0.001 -0.16800000000000015 -0.1429999999999998 4.879999999999926 0.7999999999999894 1.319999999999978 
0.9999999999999994 0.0031622776601683794 0.05000000000000093 0.35000000000000003 0.001 -0.1499999999999999 -0.08699999999999974 0.9841269841269789 0.3650793650793662 0.5555555555555493 
0.9999999999999994 0.0031622776601683794 0.05000000000000093 2.8000000000000003 0.001 -0.03299999999999992 0.0009999999999998899 0.6764705882353018 2.117647058823543 1.6764705882353017 
0.9999999999999994 0.0031622776601683794 0.05000000000000093 2.85 0.001 -0.03100000000000014 0.0 0.6774193548387036 4.258064516129017 0.612903225806453 
0.9999999999999994 0.01 -0.0999999999999992 0.65 0.001 -0.08400000000000007 -0.07200000000000006 4.0 4.749999999999991 19.916666666666675 
0.9999999999999994 0.01 -0.0999999999999992 1.3 0.001 -0.05500000000000016 -0.03399999999999981 1.6190476190475829 4.761904761904686 0.19047619047618747 
0.9999999999999994 0.01 -0.0999999999999992 1.35 0.001 -0.05899999999999972 -0.039000000000000146 1.9500000000000488 4.650000000000098 0.25 
0.9999999999999994 0.01 -0.0999999999999992 1.4000000000000001 0.001 -0.06299999999999972 -0.04400000000000004 2.315789473684251 4.473684210526389 0.42105263157895473 
0.9999999999999994 0.01 -0.0999999999999992 1.4500000000000002 0.001 -0.06599999999999984 -0.04999999999999982 3.1249999999999862 4.937500000000007 0.5624999999999931 
0.9999999999999994 0.01 -0.0999999999999992 1.5 0.001 -0.06999999999999984 -0.05500000000000016 3.6666666666667553 4.800000000000106 0.733333333333357 
0.9999999999999994 0.01 -0.0999999999999992 1.55 0.001 -0.07499999999999973 -0.06099999999999994 4.357142857142918 4.714285714285805 0.857142857142839 
0.9999999999999994 0.01 -0.0999999999999992 1.6 0.001 -0.07899999999999974 -0.06699999999999973 5.5833333333333055 5.0 1.166666666666648 
0.9999999999999994 0.01 -0.0999999999999992 1.6500000000000001 0.001 -0.08400000000000007 -0.07299999999999995 6.636363636363559 4.90909090909088 1.45454545454544 
0.9999999999999994 0.01 -0.0999999999999992 1.7000000000000002 0.001 -0.08800000000000008 -0.08000000000000007 10.0 6.124999999999986 2.1250000000000417 
0.9999999999999994 0.01 -0.0999999999999992 1.75 0.001 -0.09399999999999986 -0.08699999999999974 12.428571428571184 6.1428571428570615 2.714285714285687 
0.9999999999999994 0.01 -0.0999999999999992 1.8 0.001 -0.09899999999999975 -0.09399999999999986 18.800000000000374 7.600000000000213 4.000000000000089 
0.9999999999999994 0.01 -0.0999999999999992 1.85 0.001 -0.10499999999999998 -0.10199999999999987 33.99999999999867 10.999999999999556 7.333333333333136 
0.9999999999999994 0.01 -0.0999999999999992 2.45 0.001 -0.2559999999999998 -0.028000000000000025 0.22807017543859692 0.27631578947368524 0.008771929824560447 
0.9999999999999994 0.01 -0.0999999999999992 2.5 0.001 -0.2749999999999999 -0.03399999999999981 0.2448132780082975 0.1825726141078839 0.05809128630705489 
0.9999999999999994 0.01 -0.049999999999999156 0.8500000000000001 0.001 -0.09200000000000008 -0.004999999999999893 0.13793103448275845 1.517241379310343 0.022988505747123855 
0.9999999999999994 0.01 -0.049999999999999156 0.9 0.001 -0.09600000000000009 -0.007000000000000117 0.15730337078651954 1.3483146067415748 0.07865168539325479 
0.9999999999999994 0.01 -0.049999999999999156 0.9500000000000001 0.001 -0.10000000000000009 -0.009999999999999787 0.17777777777777734 1.2333333333333265 0.1111111111111133 
0.9999999999999994 0.01 -0.049999999999999156 1.0 0.001 -0.10400000000000009 -0.01200000000000001 0.1956521739130459 1.1086956521739106 0.14130434782608575 
0.9999999999999994 0.01 -0.049999999999999156 1.05 0.001 -0.10899999999999999 -0.015000000000000124 0.212765957446809 1.0000000000000047 0.18085106382978647 
0.9999999999999994 0.01 -0.049999999999999156 1.1 0.001 -0.1160000000000001 -0.016999999999999904 0.22222222222221974 0.8787878787878789 0.2020202020202018 
0.9999999999999994 0.01 -0.049999999999999156 1.1500000000000001 0.001 -0.12400000000000011 -0.020000000000000018 0.23076923076923078 0.7788461538461527 0.22115384615384723 
0.9999999999999994 0.01 -0.049999999999999156 1.25 0.001 -0.10000000000000009 -0.02499999999999991 0.3733333333333328 0.933333333333329 0.3866666666666646 
0.9999999999999994 0.01 -0.049999999999999156 1.3 0.001 -0.09499999999999975 -0.028000000000000025 0.46268656716418305 0.9552238805970197 0.47761194029850984 
0.9999999999999994 0.01 -0.049999999999999156 1.35 0.001 -0.09299999999999997 -0.029999999999999805 0.507936507936507 0.9682539682539648 0.5396825396825352 
0.9999999999999994 0.01 -0.049999999999999156 1.4000000000000001 0.001 -0.09099999999999975 -0.03299999999999992 0.6034482758620732 0.965517241379314 0.6379310344827591 
0.9999999999999994 0.01 -0.049999999999999156 1.4500000000000002 0.001 -0.08999999999999986 -0.03699999999999992 0.716981132075469 1.0000000000000084 0.7358490566037689 
0.9999999999999994 0.01 -0.049999999999999156 1.5 0.001 -0.08999999999999986 -0.040000000000000036 0.8200000000000014 0.980000000000011 0.8399999999999993 
0.9999999999999994 0.01 -0.049999999999999156 1.55 0.001 -0.08999999999999986 -0.04300000000000015 0.9148936170212855 0.9787234042553308 0.9574468085106427 
0.9999999999999994 0.01 -0.049999999999999156 1.6 0.001 -0.09099999999999975 -0.04700000000000015 1.0681818181818314 0.9772727272727396 1.0681818181818215 
0.9999999999999994 0.01 -0.049999999999999156 1.6500000000000001 0.001 -0.09200000000000008 -0.04999999999999982 1.1666666666666579 0.9523809523809473 1.2142857142857 
0.9999999999999994 0.01 -0.049999999999999156 1.7000000000000002 0.001 -0.09299999999999997 -0.053999999999999826 1.3589743589743524 0.9487179487179431 1.384615384615375 
0.9999999999999994 0.01 -0.049999999999999156 1.75 0.001 -0.09499999999999975 -0.05899999999999972 1.5833333333333302 0.972222222222213 1.6111111111111174 
0.9999999999999994 0.01 -0.049999999999999156 1.8 0.001 -0.09699999999999998 -0.06299999999999972 1.7941176470588085 0.9411764705882292 1.8529411764705663 
0.9999999999999994 0.01 -0.049999999999999156 1.85 0.001 -0.09899999999999975 -0.06800000000000006 2.096774193548406 0.9677419354838885 2.2258064516129235 
0.9999999999999994 0.01 -0.049999999999999156 1.9000000000000001 0.001 -0.10199999999999987 -0.07399999999999984 2.535714285714274 0.9642857142857183 2.749999999999996 
0.9999999999999994 0.01 -0.049999999999999156 2.0 0.001 -0.10899999999999999 -0.08599999999999985 3.565217391304321 1.0 4.521739130434761 
0.9999999999999994 0.01 -0.049999999999999156 2.0500000000000003 0.001 -0.11299999999999999 -0.09299999999999997 4.4 1.099999999999989 4.849999999999994 
0.9999999999999994 0.01 -0.049999999999999156 2.1 0.001 -0.11699999999999999 -0.10099999999999998 6.0 1.1875000000000069 5.874999999999986 
0.9999999999999994 0.01 -0.049999999999999156 2.15 0.001 -0.12199999999999989 -0.10899999999999999 7.923076923076999 1.3846153846153793 7.000000000000068 
0.9999999999999994 0.01 -0.049999999999999156 2.2 0.001 -0.1280000000000001 -0.11899999999999977 12.55555555555508 1.666666666666568 9.999999999999655 
0.9999999999999994 0.01 -0.049999999999999156 2.25 0.001 -0.1349999999999998 -0.129 20.33333333333405 2.3333333333334565 14.66666666666721 
0.9999999999999994 0.01 0.05000000000000093 0.15000000000000002 0.001 -0.3129999999999997 -0.1509999999999998 1.0370370370370356 0.6666666666666676 0.24074074074074175 
0.9999999999999994 0.01 0.05000000000000093 3.0 0.001 -0.17499999999999982 -0.1160000000000001 1.6779661016949265 2.7457627118644186 2.983050847457644 
0.9999999999999994 0.01 0.10000000000000098 0.55 0.001 -0.18500000000000005 -0.09600000000000009 1.269662921348315 0.2022471910112387 0.3707865168539318 
0.9999999999999994 0.01 0.10000000000000098 0.6000000000000001 0.001 -0.17200000000000015 -0.06899999999999995 0.8349514563106766 0.28155339805825536 0.252427184466017 
0.9999999999999994 0.01 0.10000000000000098 0.65 0.001 -0.16000000000000014 -0.04899999999999993 0.594594594594592 0.37837837837838 0.16216216216216 
0.9999999999999994 0.01 0.10000000000000098 0.7000000000000001 0.001 -0.1499999999999999 -0.03500000000000014 0.4521739130434796 0.47826086956521974 0.09565217391304472 
0.9999999999999994 0.01 0.10000000000000098 0.75 0.001 -0.14000000000000012 -0.02400000000000002 0.353448275862068 0.5862068965517241 0.0258620689655182 
0.9999999999999994 0.01 0.10000000000000098 2.4000000000000004 0.001 -0.08699999999999974 -0.08299999999999974 16.499999999999943 10.750000000000028 28.99999999999989 
0.9999999999999994 0.01 0.10000000000000098 2.45 0.001 -0.08199999999999985 -0.06999999999999984 4.416666666666657 4.499999999999981 9.500000000000018 
0.9999999999999994 0.01 0.10000000000000098 2.5 0.001 -0.07600000000000007 -0.05699999999999994 2.1052631578947247 3.631578947368394 5.78947368421048 
0.9999999999999994 0.01 0.10000000000000098 2.5500000000000003 0.001 -0.07099999999999973 -0.04400000000000004 1.0000000000000164 3.3333333333333663 3.7407407407407827 
0.9999999999999994 0.03162277660168379 -0.14999999999999925 0.8 0.001 -0.17700000000000005 -0.1499999999999999 5.222222222222197 1.0370370370370328 13.592592592592524 
0.9999999999999994 0.03162277660168379 -0.14999999999999925 0.8500000000000001 0.001 -0.19399999999999995 -0.1200000000000001 1.4054054054054097 0.4594594594594638 4.729729729729735 
0.9999999999999994 0.03162277660168379 -0.14999999999999925 0.9 0.001 -0.21199999999999974 -0.1120000000000001 0.8800000000000039 0.4100000000000007 3.3000000000000123 
0.9999999999999994 0.03162277660168379 -0.14999999999999925 1.4000000000000001 0.001 -0.13200000000000012 -0.10299999999999976 3.7241379310344245 5.862068965517182 0.17241379310344246 
0.9999999999999994 0.03162277660168379 -0.14999999999999925 1.4500000000000002 0.001 -0.1379999999999999 -0.1120000000000001 4.423076923076965 6.153846153846207 0.3076923076923103 
0.9999999999999994 0.03162277660168379 -0.14999999999999925 1.5 0.001 -0.14400000000000013 -0.12199999999999989 5.63636363636358 6.818181818181739 0.5 
0.9999999999999994 0.03162277660168379 -0.14999999999999925 1.55 0.001 -0.1499999999999999 -0.13200000000000012 7.388888888888974 7.777777777777874 0.8333333333333498 
0.9999999999999994 0.03162277660168379 -0.14999999999999925 1.6 0.001 -0.15700000000000003 -0.1419999999999999 9.399999999999922 8.733333333333247 1.2666666666666646 
0.9999999999999994 0.03162277660168379 -0.14999999999999925 1.6500000000000001 0.001 -0.16400000000000015 -0.15399999999999991 15.199999999999662 12.199999999999706 2.29999999999996 
0.9999999999999994 0.03162277660168379 -0.14999999999999925 1.7000000000000002 0.001 -0.17200000000000015 -0.16500000000000004 22.99999999999962 16.428571428571185 3.714285714285624 
0.9999999999999994 0.03162277660168379 -0.14999999999999925 1.75 0.001 -0.18100000000000005 -0.17700000000000005 43.0 26.499999999999943 7.500000000000055 
0.9999999999999994 0.03162277660168379 -0.14999999999999925 2.25 0.001 -0.3500000000000001 -0.016999999999999904 0.12012012012012016 0.2702702702702697 0.29129129129129105 
0.9999999999999994 0.03162277660168379 -0.14999999999999925 2.3000000000000003 0.001 -0.3719999999999999 -0.017999999999999794 0.0932203389830506 0.302259887005649 0.1920903954802261 
0.9999999999999994 0.03162277660168379 -0.14999999999999925 2.35 0.001 -0.3879999999999999 -0.019000000000000128 0.07317073170731749 0.37669376693767026 0.07317073170731628 
0.9999999999999994 0.03162277660168379 -0.0999999999999992 1.1 0.001 -0.22999999999999998 -0.18699999999999983 3.2325581395348677 1.4651162790697663 4.790697674418587 
0.9999999999999994 0.03162277660168379 -0.0999999999999992 1.1500000000000001 0.001 -0.17200000000000015 -0.053999999999999826 0.5677966101694877 1.6271186440677936 0.05084745762711667 
0.9999999999999994 0.03162277660168379 -0.0999999999999992 1.2000000000000002 0.001 -0.16400000000000015 -0.05899999999999972 0.6761904761904709 1.7047619047619005 0.10476190476190125 
0.9999999999999994 0.03162277660168379 -0.0999999999999992 1.25 0.001 -0.1589999999999998 -0.06499999999999995 0.797872340425535 1.7765957446808518 0.18085106382978647 
0.9999999999999994 0.03162277660168379 -0.0999999999999992 1.3 0.001 -0.15700000000000003 -0.07099999999999973 0.9302325581395273 1.8139534883720883 0.255813953488374 
0.9999999999999994 0.03162277660168379 -0.0999999999999992 1.35 0.001 -0.15600000000000014 -0.07799999999999985 1.0897435897435852 1.8717948717948636 0.3461538461538466 
0.9999999999999994 0.03162277660168379 -0.0999999999999992 1.4000000000000001 0.001 -0.15600000000000014 -0.08400000000000007 1.250000000000003 1.8888888888888826 0.458333333333338 
0.9999999999999994 0.03162277660168379 -0.0999999999999992 1.4500000000000002 0.001 -0.15600000000000014 -0.09200000000000008 1.5 2.0 0.5937499999999966 
0.9999999999999994 0.03162277660168379 -0.0999999999999992 1.5 0.001 -0.15799999999999992 -0.09899999999999975 1.711864406779656 2.0508474576271127 0.7288135593220268 
0.9999999999999994 0.03162277660168379 -0.0999999999999992 1.55 0.001 -0.16000000000000014 -0.10699999999999976 2.0377358490565824 2.132075471698098 0.9245283018867929 
0.9999999999999994 0.03162277660168379 -0.0999999999999992 1.6 0.001 -0.1629999999999998 -0.11499999999999977 2.3749999999999956 2.2083333333333286 1.1458333333333357 
0.9999999999999994 0.03162277660168379 -0.0999999999999992 1.6500000000000001 0.001 -0.16699999999999982 -0.12400000000000011 2.8139534883721122 2.3488372093023413 1.3953488372093132 
0.9999999999999994 0.03162277660168379 -0.0999999999999992 1.7000000000000002 0.001 -0.17099999999999982 -0.1339999999999999 3.513513513513518 2.540540540540542 1.783783783783795 
0.9999999999999994 0.03162277660168379 -0.0999999999999992 1.75 0.001 -0.17600000000000016 -0.14400000000000013 4.312500000000007 2.7812499999999964 2.2812499999999964 
0.9999999999999994 0.03162277660168379 -0.0999999999999992 1.8 0.001 -0.18100000000000005 -0.1549999999999998 5.692307692307627 3.2307692307692033 3.0384615384615166 
0.9999999999999994 0.03162277660168379 -0.0999999999999992 1.85 0.001 -0.18799999999999972 -0.16699999999999982 7.523809523809553 3.761904761904787 4.142857142857149 
0.9999999999999994 0.03162277660168379 -0.0999999999999992 1.9000000000000001 0.001 -0.19499999999999984 -0.17899999999999983 10.499999999999972 4.687500000000007 6.0 
0.9999999999999994 0.03162277660168379 -0.0999999999999992 1.9500000000000002 0.001 -0.20299999999999985 -0.19300000000000006 18.100000000000392 7.000000000000178 10.700000000000204 
0.9999999999999994 0.03162277660168379 -0.0999999999999992 2.0 0.001 -0.21199999999999974 -0.20799999999999974 48.49999999999994 16.74999999999992 30.24999999999997 
0.9999999999999994 0.03162277660168379 -0.0999999999999992 2.0500000000000003 0.001 -0.22299999999999986 -0.015000000000000124 0.2980769230769248 0.6971153846153856 0.15865384615384595 
0.9999999999999994 0.03162277660168379 -0.049999999999999156 0.9 0.001 -0.1589999999999998 -0.020999999999999908 0.297101449275362 1.5217391304347834 0.021739130434783448 
0.9999999999999994 0.03162277660168379 -0.049999999999999156 0.9500000000000001 0.001 -0.1629999999999998 -0.02400000000000002 0.3021582733812973 1.381294964028777 0.08633093525179877 
0.9999999999999994 0.03162277660168379 -0.049999999999999156 1.0 0.001 -0.16800000000000015 -0.027000000000000135 0.3120567375886527 1.2411347517730513 0.14893617021276528 
0.9999999999999994 0.03162277660168379 -0.049999999999999156 1.05 0.001 -0.17300000000000004 -0.029999999999999805 0.3216783216783199 1.1118881118881119 0.20979020979020807 
0.9999999999999994 0.03162277660168379 -0.049999999999999156 1.1 0.001 -0.18000000000000016 -0.03299999999999992 0.3197278911564631 0.9931972789115624 0.26530612244898016 
0.9999999999999994 0.03162277660168379 -0.049999999999999156 1.1500000000000001 0.001 -0.18799999999999972 -0.03600000000000003 0.3223684210526318 0.8815789473684251 0.30263157894736786 
0.9999999999999994 0.03162277660168379 -0.049999999999999156 1.2000000000000002 0.001 -0.19899999999999984 -0.040000000000000036 0.32075471698113345 0.7798742138364796 0.3396226415094333 
0.9999999999999994 0.03162277660168379 -0.049999999999999156 1.25 0.001 -0.21199999999999974 -0.04400000000000004 0.3214285714285736 0.678571428571429 0.3630952380952384 
0.9999999999999994 0.03162277660168379 -0.049999999999999156 1.3 0.001 -0.23399999999999999 -0.04800000000000004 0.30107526881720464 0.5698924731182791 0.3655913978494628 
0.9999999999999994 0.03162277660168379 -0.049999999999999156 1.35 0.001 -0.20699999999999985 -0.052000000000000046 0.3806451612903241 0.632258064516129 0.4838709677419372 
0.9999999999999994 0.03162277660168379 -0.049999999999999156 1.4000000000000001 0.001 -0.19599999999999973 -0.05600000000000005 0.4357142857142863 0.6571428571428592 0.5857142857142892 
0.9999999999999994 0.03162277660168379 -0.049999999999999156 1.4500000000000002 0.001 -0.18900000000000006 -0.06099999999999994 0.5078124999999991 0.6718749999999982 0.6875 
0.9999999999999994 0.03162277660168379 -0.049999999999999156 1.5 0.001 -0.18400000000000016 -0.06599999999999984 0.5762711864406769 0.6864406779660994 0.8050847457627075 
0.9999999999999994 0.03162277660168379 -0.049999999999999156 1.55 0.001 -0.18100000000000005 -0.07200000000000006 0.6697247706422015 0.6880733944954146 0.944954128440369 
0.9999999999999994 0.03162277660168379 -0.049999999999999156 1.6 0.001 -0.17899999999999983 -0.07699999999999996 0.7450980392156878 0.705882352941178 1.0784313725490198 
0.9999999999999994 0.03162277660168379 -0.049999999999999156 1.6500000000000001 0.001 -0.17799999999999994 -0.08400000000000007 0.8723404255319193 0.7127659574468066 1.276595744680854 
0.9999999999999994 0.03162277660168379 -0.049999999999999156 1.7000000000000002 0.001 -0.17799999999999994 -0.09099999999999975 0.9999999999999949 0.7356321839080451 1.494252873563214 
0.9999999999999994 0.03162277660168379 -0.049999999999999156 1.75 0.001 -0.17899999999999983 -0.09799999999999986 1.135802469135804 0.7530864197530861 1.753086419753086 
0.9999999999999994 0.03162277660168379 -0.049999999999999156 1.8 0.001 -0.18000000000000016 -0.10699999999999976 1.3698630136986178 0.7945205479452049 2.1780821917808075 
0.9999999999999994 0.03162277660168379 -0.049999999999999156 1.9000000000000001 0.001 -0.18599999999999994 -0.1259999999999999 1.9333333333333333 0.8833333333333315 2.766666666666663 
0.9999999999999994 0.03162277660168379 -0.049999999999999156 1.9500000000000002 0.001 -0.18999999999999995 -0.137 2.3584905660377387 0.9622641509434003 2.9811320754717 
0.9999999999999994 0.03162277660168379 -0.049999999999999156 2.0 0.001 -0.19399999999999995 -0.14900000000000002 3.0222222222222297 1.088888888888889 3.3555555555555663 
0.9999999999999994 0.03162277660168379 -0.049999999999999156 2.0500000000000003 0.001 -0.19999999999999973 -0.1629999999999998 4.027027027027036 1.243243243243241 3.972972972972988 
0.9999999999999994 0.03162277660168379 -0.049999999999999156 2.1 0.001 -0.20599999999999996 -0.17799999999999994 5.785714285714278 1.6071428571428532 5.107142857142861 
0.9999999999999994 0.03162277660168379 -0.049999999999999156 2.15 0.001 -0.21399999999999997 -0.19499999999999984 9.368421052631513 2.263157894736835 7.421052631578898 
0.9999999999999994 0.03162277660168379 -0.049999999999999156 2.2 0.001 -0.22399999999999975 -0.21300000000000008 17.636363636364152 3.818181818181954 12.636363636363988 
0.9999999999999994 0.03162277660168379 -0.049999999999999156 2.25 0.001 -0.23499999999999988 -0.2330000000000001 106.50000000001177 20.00000000000222 69.00000000000755 
0.9999999999999994 0.03162277660168379 0.10000000000000098 1.9500000000000002 0.001 -0.21499999999999986 -0.20999999999999996 8.400000000000142 30.400000000000674 30.00000000000062 
0.9999999999999994 0.03162277660168379 0.10000000000000098 2.9000000000000004 0.001 -0.238 -0.20199999999999996 3.8333333333333273 6.972222222222225 5.777777777777765 
0.9999999999999994 0.1 -0.1999999999999993 1.0 0.001 -0.387 -0.2719999999999998 1.486956521739126 1.3217391304347814 4.182608695652165 
0.9999999999999994 0.1 -0.1999999999999993 1.4500000000000002 0.001 -0.2719999999999998 -0.22599999999999998 5.152173913043501 6.717391304347856 0.0652173913043409 
0.9999999999999994 0.1 -0.1999999999999993 1.5 0.001 -0.2799999999999998 -0.24399999999999977 6.9722222222222126 8.111111111111098 0.27777777777778395 
0.9999999999999994 0.1 -0.1999999999999993 1.55 0.001 -0.28900000000000015 -0.262 9.777777777777738 10.222222222222165 0.7407407407407377 
0.9999999999999994 0.1 -0.1999999999999993 1.6 0.001 -0.2999999999999998 -0.28200000000000003 15.500000000000172 14.555555555555722 1.5555555555555747 
0.9999999999999994 0.1 -0.1999999999999993 1.6500000000000001 0.001 -0.31199999999999983 -0.30200000000000005 29.50000000000062 24.80000000000055 3.7000000000000712 
0.9999999999999994 0.1 -0.1999999999999993 1.7000000000000002 0.001 -0.32499999999999973 -0.32299999999999995 155.5000000000171 117.50000000001288 24.000000000002665 
0.9999999999999994 0.1 -0.14999999999999925 1.1 0.001 -0.39400000000000013 -0.3340000000000001 3.850000000000002 2.4166666666666647 6.7166666666666615 
0.9999999999999994 0.1 -0.14999999999999925 1.3 0.001 -0.28500000000000014 -0.14800000000000013 1.2627737226277373 2.343065693430658 0.02189781021897893 
0.9999999999999994 0.1 -0.14999999999999925 1.35 0.001 -0.2839999999999998 -0.16100000000000003 1.4715447154471575 2.455284552845533 0.10569105691056849 
0.9999999999999994 0.1 -0.14999999999999925 1.4000000000000001 0.001 -0.2839999999999998 -0.17499999999999982 1.7522935779816502 2.5963302752293576 0.22018348623853234 
0.9999999999999994 0.1 -0.14999999999999925 1.4500000000000002 0.001 -0.28600000000000003 -0.18999999999999995 2.0937499999999987 2.770833333333331 0.3854166666666655 
0.9999999999999994 0.1 -0.14999999999999925 1.5 0.001 -0.28900000000000015 -0.20599999999999996 2.566265060240959 3.012048192771078 0.5783132530120474 
0.9999999999999994 0.1 -0.14999999999999925 1.55 0.001 -0.29300000000000015 -0.22299999999999986 3.2142857142857024 3.3714285714285546 0.8571428571428544 
0.9999999999999994 0.1 -0.14999999999999925 1.6 0.001 -0.29899999999999993 -0.2410000000000001 4.103448275862081 3.8448275862069132 1.2586206896551753 
0.9999999999999994 0.1 -0.14999999999999925 1.6500000000000001 0.001 -0.30600000000000005 -0.2599999999999998 5.499999999999962 4.565217391304321 1.84782608695652 
0.9999999999999994 0.1 -0.14999999999999925 1.7000000000000002 0.001 -0.31499999999999995 -0.28100000000000014 7.911764705882401 5.85294117647063 2.882352941176483 
0.9999999999999994 0.1 -0.14999999999999925 1.75 0.001 -0.32499999999999973 -0.30299999999999994 13.045454545454662 8.590909090909173 5.045454545454602 
0.9999999999999994 0.1 -0.14999999999999925 1.8 0.001 -0.33699999999999974 -0.32600000000000007 27.727272727273558 16.36363636363686 11.363636363636697 
0.9999999999999994 0.1 -0.14999999999999925 1.85 0.001 -0.35199999999999987 -0.3500000000000001 162.500000000018 85.50000000000932 70.00000000000777 
0.9999999999999994 0.1 -0.14999999999999925 2.0500000000000003 0.001 -0.44999999999999973 -0.04300000000000015 0.35380835380835446 0.592137592137593 0.1130221130221127 
0.9999999999999994 0.1 -0.0999999999999992 1.3 0.001 -0.33099999999999996 -0.10699999999999976 0.5803571428571419 1.1785714285714266 0.20089285714285665 
0.9999999999999994 0.1 -0.0999999999999992 1.35 0.001 -0.31899999999999995 -0.11799999999999988 0.6815920398009948 1.213930348258705 0.30348258706467846 
0.9999999999999994 0.1 -0.0999999999999992 1.4000000000000001 0.001 -0.31199999999999983 -0.1299999999999999 0.7912087912087922 1.247252747252747 0.4175824175824181 
0.9999999999999994 0.1 -0.0999999999999992 1.4500000000000002 0.001 -0.30799999999999983 -0.1419999999999999 0.9156626506024108 1.2650602409638558 0.5542168674698803 
0.9999999999999994 0.1 -0.0999999999999992 1.5 0.001 -0.30500000000000016 -0.15600000000000014 1.0872483221476532 1.3087248322147638 0.7181208053691288 
0.9999999999999994 0.1 -0.0999999999999992 1.55 0.001 -0.30500000000000016 -0.17099999999999982 1.2910447761194 1.3582089552238767 0.9104477611940267 
0.9999999999999994 0.1 -0.0999999999999992 1.6 0.001 -0.30600000000000005 -0.18699999999999983 1.5546218487394934 1.4285714285714253 1.1512605042016786 
0.9999999999999994 0.1 -0.0999999999999992 1.6500000000000001 0.001 -0.30900000000000016 -0.20399999999999974 1.8761904761904649 1.5333333333333274 1.447619047619043 
0.9999999999999994 0.1 -0.0999999999999992 1.7000000000000002 0.001 -0.3129999999999997 -0.22299999999999986 2.3555555555555565 1.6777777777777831 1.8666666666666714 
0.9999999999999994 0.1 -0.0999999999999992 1.75 0.001 -0.31800000000000006 -0.24399999999999977 3.094594594594578 1.9324324324324282 2.499999999999991 
0.9999999999999994 0.1 -0.0999999999999992 1.8 0.001 -0.32499999999999973 -0.2669999999999999 4.258620689655183 2.3448275862069057 3.5344827586207015 
0.9999999999999994 0.1 -0.0999999999999992 1.85 0.001 -0.3340000000000001 -0.2919999999999998 6.404761904761858 3.0476190476190315 5.4285714285713995 
0.9999999999999994 0.1 -0.049999999999999156 0.9500000000000001 0.001 -0.2530000000000001 0.014000000000000234 0.06741573033707779 0.018726591760299203 1.4269662921348305 
0.9999999999999994 0.1 -0.049999999999999156 1.05 0.001 -0.26900000000000013 0.016000000000000014 0.056140350877193004 1.1368421052631568 0.04561403508772049 
0.9999999999999994 0.1 -0.049999999999999156 1.1 0.001 -0.2789999999999999 0.0129999999999999 0.05821917808219301 0.9965753424657539 0.11643835616438297 
0.9999999999999994 0.1 -0.049999999999999156 1.1500000000000001 0.001 -0.2919999999999998 0.008000000000000007 0.06666666666666676 0.8633333333333335 0.18999999999999992 
0.9999999999999994 0.1 -0.049999999999999156 1.2000000000000002 0.001 -0.30699999999999994 0.002000000000000224 0.07766990291262138 0.741100323624594 0.2588996763754046 
0.9999999999999994 0.1 -0.049999999999999156 1.25 0.001 -0.32699999999999996 -0.0040000000000000036 0.08668730650154807 0.6253869969040248 0.31578947368421156 
0.9999999999999994 0.1 -0.049999999999999156 1.85 0.001 -0.32399999999999984 -0.20399999999999974 1.5083333333333286 0.2750000000000028 2.824999999999997 
0.9999999999999994 0.1 -0.049999999999999156 1.9000000000000001 0.001 -0.32899999999999974 -0.23099999999999987 2.102040816326533 0.28571428571428636 3.2653061224489823 
0.9999999999999994 0.1 -0.049999999999999156 1.9500000000000002 0.001 -0.33599999999999985 -0.2610000000000001 3.1200000000000108 0.3200000000000014 4.093333333333353 
0.9999999999999994 0.1 -0.049999999999999156 2.0 0.001 -0.34499999999999975 -0.2919999999999998 4.9622641509434 0.37735849056603854 5.64150943396227 
0.9999999999999994 0.1 -0.049999999999999156 2.0500000000000003 0.001 -0.35699999999999976 -0.32699999999999996 9.866666666666726 0.6000000000000119 9.66666666666673 
0.9999999999999994 0.1 -0.049999999999999156 2.1 0.001 -0.3719999999999999 -0.3620000000000001 32.900000000000716 1.7000000000000266 28.300000000000594 
0.9999999999999994 0.1 -0.049999999999999156 2.2 0.001 -0.42300000000000004 -0.03799999999999981 0.012987012987012702 0.04935064935064965 0.6909090909090906 
0.9999999999999994 0.1 0.2500000000000011 0.9 0.001 -0.2410000000000001 -0.07099999999999973 1.0999999999999965 0.6764705882352913 0.2647058823529428 
0.9999999999999994 0.1 0.2500000000000011 0.9500000000000001 0.001 -0.22599999999999998 -0.04700000000000015 0.8882681564245832 0.899441340782124 0.10614525139664886 
0.9999999999999994 0.1 0.2500000000000011 2.15 0.001 -0.30699999999999994 -0.3039999999999998 65.33333333333077 46.66666666666494 60.999999999997634 
0.9999999999999994 0.1 0.2500000000000011 2.2 0.001 -0.28900000000000015 -0.2669999999999999 7.045454545454459 7.409090909090839 8.090909090909 
0.9999999999999994 0.1 0.2500000000000011 2.25 0.001 -0.274 -0.22399999999999975 2.1399999999999837 3.859999999999981 3.3399999999999785 
0.9999999999999994 0.31622776601683794 -0.24999999999999933 1.55 0.001 -0.492 -0.476 30.062499999999964 31.312499999999993 0.18749999999997918 
0.9999999999999994 0.31622776601683794 -0.1999999999999993 1.4500000000000002 0.001 -0.46399999999999997 -0.3380000000000001 2.873015873015876 4.015873015873021 0.02380952380952121 
0.9999999999999994 0.31622776601683794 -0.1999999999999993 1.5 0.001 -0.472 -0.375 4.010309278350519 4.907216494845362 0.21649484536082383 
0.9999999999999994 0.31622776601683794 -0.1999999999999993 1.55 0.001 -0.4830000000000001 -0.41400000000000015 6.05797101449276 6.434782608695656 0.666666666666671 
0.9999999999999994 0.31622776601683794 -0.1999999999999993 1.6 0.001 -0.4969999999999999 -0.45500000000000007 10.690476190476245 9.833333333333371 1.7619047619047659 
0.9999999999999994 0.31622776601683794 -0.1999999999999993 1.6500000000000001 0.001 -0.5139999999999998 -0.4969999999999999 28.352941176470733 22.52941176470601 6.000000000000052 
0.9999999999999994 0.31622776601683794 -0.14999999999999925 1.1 0.001 -0.6019999999999999 -0.52 5.500000000000011 1.7804878048780508 7.780487804878062 
0.9999999999999994 0.31622776601683794 -0.14999999999999925 1.2000000000000002 0.001 -0.5089999999999999 -0.10499999999999998 0.391089108910891 0.022277227722773126 1.4950495049504946 
0.9999999999999994 0.31622776601683794 -0.14999999999999925 1.25 0.001 -0.4910000000000001 -0.12699999999999978 0.46428571428571397 0.03571428571428541 1.5741758241758226 
0.9999999999999994 0.31622776601683794 -0.14999999999999925 1.3 0.001 -0.48099999999999987 -0.15200000000000014 0.5592705167173262 0.048632218844984886 1.6443768996960497 
0.9999999999999994 0.31622776601683794 -0.14999999999999925 1.35 0.001 -0.4750000000000001 -0.18000000000000016 0.6881355932203401 0.06101694915254169 1.7355932203389834 
0.9999999999999994 0.31622776601683794 -0.14999999999999925 1.8 0.001 -0.5590000000000002 -0.041999999999999815 0.03288201160541565 0.38684719535783374 0.5802707930367498 
0.9999999999999994 0.31622776601683794 -0.14999999999999925 1.85 0.001 -0.5949999999999998 -0.04899999999999993 0.027472527472527708 0.3315018315018317 0.6135531135531137 
0.9999999999999994 0.31622776601683794 -0.14999999999999925 1.9000000000000001 0.001 -0.6339999999999999 -0.05600000000000005 0.020761245674740508 0.28892733564013895 0.6418685121107268 
0.9999999999999994 0.31622776601683794 -0.14999999999999925 1.9500000000000002 0.001 -0.6720000000000002 -0.06299999999999972 0.013136288998357237 0.2561576354679803 0.6765188834154345 
0.9999999999999994 0.31622776601683794 -0.14999999999999925 2.0500000000000003 0.001 -0.7149999999999999 -0.07799999999999985 0.2260596546310834 0.6970172684458398 0.14599686028257453 
0.9999999999999994 0.31622776601683794 -0.0999999999999992 1.5 0.001 -0.4849999999999999 -0.09099999999999975 0.48984771573603947 0.41878172588832485 0.5736040609137053 
0.9999999999999994 0.31622776601683794 -0.0999999999999992 1.55 0.001 -0.4849999999999999 -0.1280000000000001 0.7142857142857157 0.16806722689075657 0.8431372549019606 
0.9999999999999994 0.31622776601683794 -0.0999999999999992 1.6 0.001 -0.488 -0.20399999999999974 0.2957746478873224 0.8521126760563372 1.278169014084506 
0.9999999999999994 0.31622776601683794 -0.0999999999999992 1.6500000000000001 0.001 -0.4939999999999998 -0.2789999999999999 0.8325581395348834 0.8604651162790706 1.8651162790697697 
0.9999999999999994 0.31622776601683794 -0.049999999999999156 1.25 0.001 -0.637 -0.48199999999999976 4.21935483870967 1.8451612903225778 0.49032258064516093 
0.9999999999999994 0.31622776601683794 -0.049999999999999156 1.85 0.001 -0.5209999999999999 -0.3740000000000001 1.1836734693877593 5.081632653061231 0.3877551020408164 
0.9999999999999994 0.31622776601683794 -0.049999999999999156 1.9000000000000001 0.001 -0.5369999999999999 -0.472 4.6615384615384645 9.876923076923083 2.538461538461541 
0.9999999999999994 0.31622776601683794 0.2500000000000011 0.6000000000000001 0.001 -0.3679999999999999 -0.36099999999999977 27.571428571428054 85.28571428571291 19.285714285713933 
0.9999999999999994 0.31622776601683794 0.2500000000000011 2.5 0.001 -0.5289999999999999 -0.5019999999999998 26.296296296296163 2.8148148148148033 2.2962962962962785 
0.9999999999999994 0.31622776601683794 0.2500000000000011 2.5500000000000003 0.001 -0.5680000000000001 -0.4169999999999998 3.8476821192052917 1.3708609271523147 0.013245033112584242 
0.9999999999999994 1.0 -0.24999999999999933 0.9 0.001 -0.6589999999999998 -0.6069999999999998 11.53846153846152 3.750000000000002 0.3076923076923077 
0.9999999999999994 1.0 -0.24999999999999933 1.4000000000000001 0.001 -0.581 -0.4910000000000001 5.1333333333333435 1.3333333333333366 7.855555555555567 
0.9999999999999994 1.0 -0.24999999999999933 1.4500000000000002 0.001 -0.6019999999999999 -0.5630000000000002 13.43589743589754 3.102564102564126 17.92307692307707 
0.9999999999999994 1.0 -0.24999999999999933 1.5 0.001 -0.629 -0.6259999999999999 192.66666666665932 40.3333333333318 225.33333333332484 
0.9999999999999994 1.0 -0.24999999999999933 1.6500000000000001 0.001 -0.7549999999999999 -0.07499999999999973 0.17941176470588213 0.8367647058823526 0.01176470588235295 
0.9999999999999994 1.0 -0.24999999999999933 1.7000000000000002 0.001 -0.786 -0.08400000000000007 0.17236467236467237 0.7321937321937326 0.06695156695156654 
0.9999999999999994 1.0 -0.24999999999999933 2.25 0.001 -0.20599999999999996 -0.19300000000000006 15.153846153846274 47.23076923076958 2.846153846153896 
0.9999999999999994 1.0 -0.1999999999999993 1.4500000000000002 0.001 -0.589 -0.40200000000000014 1.19251336898396 1.689839572192514 3.267379679144389 
0.9999999999999994 1.0 -0.1999999999999993 1.5 0.001 -0.6059999999999999 -0.5150000000000001 3.9560439560439704 3.2087912087912156 6.2307692307692495 
0.9999999999999994 1.0 -0.1999999999999993 1.55 0.001 -0.6299999999999999 -0.6029999999999998 16.9999999999999 10.481481481481442 19.18518518518508 
0.9999999999999994 1.0 -0.1999999999999993 1.6 0.001 -0.665 -0.1389999999999998 0.539923954372623 0.8441064638783266 0.0684410646387833 
0.9999999999999994 1.0 -0.1999999999999993 1.6500000000000001 0.001 -0.7119999999999997 -0.137 0.5130434782608697 0.5913043478260878 0.18260869565217397 
0.9999999999999994 1.0 -0.1999999999999993 1.7000000000000002 0.001 -0.7549999999999999 -0.137 0.5242718446601947 0.3106796116504851 0.3349514563106794 
0.9999999999999994 1.0 -0.14999999999999925 1.5 0.001 -0.5939999999999999 -0.2519999999999998 1.4649122807017536 1.128654970760234 0.046783625730994184 
0.9999999999999994 1.0 -0.14999999999999925 1.55 0.001 -0.609 -0.355 2.5787401574803157 0.8622047244094483 0.41732283464566877 
0.9999999999999994 1.0 -0.14999999999999925 1.6 0.001 -0.629 -0.544 3.0235294117647085 7.3647058823529425 3.1411764705882357 
0.9999999999999994 1.0 -0.14999999999999925 1.6500000000000001 0.001 -0.657 -0.6480000000000001 44.88888888888944 53.11111111111169 39.66666666666714 
0.9999999999999994 1.0 -0.049999999999999156 1.9500000000000002 0.001 -0.7930000000000001 -0.30900000000000016 1.888429752066116 0.08471074380165274 0.05578512396694243 
0.9999999999999994 1.0 0.05000000000000093 1.9500000000000002 0.001 -0.673 -0.6459999999999999 1.5185185185185082 33.85185185185169 17.925925925925835 
0.9999999999999994 1.0 0.15000000000000102 1.5 0.001 -0.6509999999999998 -0.6349999999999998 24.124999999999957 31.312499999999993 21.374999999999957 
0.9999999999999994 1.0 0.15000000000000102 1.55 0.001 -0.625 -0.5190000000000001 2.066037735849062 6.179245283018873 2.3962264150943424 
0.9999999999999994 1.0 0.15000000000000102 1.6 0.001 -0.6059999999999999 -0.33899999999999997 2.3445692883895135 0.9625468164794015 0.31835205992509363 
0.9999999999999994 1.0 0.15000000000000102 1.6500000000000001 0.001 -0.5909999999999997 -0.23399999999999999 1.3389355742296933 1.1316526610644262 0.025210084033613172 
0.9999999999999994 1.0 0.20000000000000107 1.4500000000000002 0.001 -0.7479999999999998 -0.137 0.5171849427168582 0.36497545008183296 0.3060556464811782 
0.9999999999999994 1.0 0.20000000000000107 1.5 0.001 -0.7039999999999997 -0.137 0.5149911816578491 0.634920634920635 0.16049382716049346 
0.9999999999999994 1.0 0.20000000000000107 1.55 0.001 -0.657 -0.1389999999999998 0.5463320463320459 0.8861003861003859 0.052123552123551506 
0.9999999999999994 1.0 0.20000000000000107 1.6 0.001 -0.625 -0.589 12.333333333333321 7.888888888888889 14.611111111111093 
0.9999999999999994 1.0 0.20000000000000107 1.6500000000000001 0.001 -0.6029999999999998 -0.4979999999999998 3.2380952380952372 2.8095238095238093 5.476190476190479 
0.9999999999999994 1.0 0.20000000000000107 1.7000000000000002 0.001 -0.5859999999999999 -0.379 0.9275362318840594 1.5652173913043481 2.9855072463768133 
0.9999999999999994 1.0 0.2500000000000011 0.9 0.001 -0.20399999999999974 -0.18799999999999972 12.187499999999979 37.49999999999997 3.25 
0.9999999999999994 1.0 0.2500000000000011 1.4000000000000001 0.001 -0.798 -0.09099999999999975 0.16973125884016918 0.6534653465346535 0.12729844413012703 
0.9999999999999994 1.0 0.2500000000000011 1.4500000000000002 0.001 -0.7810000000000001 -0.08199999999999985 0.17310443490700994 0.7496423462088695 0.055793991416308565 
0.9999999999999994 1.0 0.2500000000000011 1.5 0.001 -0.7490000000000001 -0.07299999999999995 0.17899408284023663 0.8550295857988162 0.004437869822485375 
0.9999999999999994 1.0 0.2500000000000011 1.6500000000000001 0.001 -0.6240000000000001 -0.6160000000000001 71.12499999999993 15.250000000000028 84.99999999999989 
0.9999999999999994 1.0 0.2500000000000011 1.7000000000000002 0.001 -0.5979999999999999 -0.5510000000000002 10.93617021276603 2.574468085106399 14.936170212766049 
0.9999999999999994 1.0 0.2500000000000011 2.25 0.001 -0.6549999999999998 -0.6179999999999999 16.594594594594625 5.324324324324337 0.35135135135134943 
0.7943282347242812 0.001 -0.39999999999999947 0.9 0.001 0.0040000000000000036 0.2410000000000001 0.033755274261603394 0.025316455696201605 0.5400843881856543 
0.7943282347242812 0.0031622776601683794 -0.4499999999999995 1.5 0.001 -0.05600000000000005 -0.052000000000000046 42.49999999999994 4.0 3.0 
0.7943282347242812 0.0031622776601683794 -0.4499999999999995 1.6500000000000001 0.001 -0.14500000000000002 -0.14100000000000001 4.7500000000000275 42.49999999999994 1.0 
0.7943282347242812 0.01 -0.4499999999999995 1.6 0.001 -0.20999999999999996 -0.19899999999999984 3.0909090909090393 27.45454545454516 2.18181818181816 
0.7943282347242812 0.01 8.881784197001252e-16 2.8000000000000003 0.001 -0.5030000000000001 -0.44799999999999995 1.4545454545454517 6.618181818181797 0.6363636363636371 
0.7943282347242812 0.03162277660168379 -0.4499999999999995 1.6500000000000001 0.001 -0.33000000000000007 -0.31099999999999994 28.263157894736647 3.315789473684197 1.1052631578947245 
0.7943282347242812 0.03162277660168379 -0.39999999999999947 1.5 0.001 -0.22999999999999998 -0.21499999999999986 33.399999999999714 3.933333333333312 1.7999999999999645 
0.7943282347242812 0.03162277660168379 -0.14999999999999925 2.2 0.001 -0.5219999999999998 -0.52 60.000000000006665 4.500000000000444 207.00000000002288 
0.7943282347242812 0.03162277660168379 -0.049999999999999156 0.6000000000000001 0.001 -0.0259999999999998 -0.008999999999999897 1.705882352941181 32.41176470588255 0.29411764705881893 
0.7943282347242812 0.03162277660168379 -0.049999999999999156 0.65 0.001 -0.027000000000000135 -0.01100000000000012 1.8750000000000138 29.562499999999964 3.812499999999993 
0.7943282347242812 0.03162277660168379 -0.049999999999999156 0.8 0.001 -0.03299999999999992 -0.019000000000000128 2.571428571428612 19.000000000000284 19.21428571428601 
0.7943282347242812 0.03162277660168379 -0.049999999999999156 2.35 0.001 -0.5499999999999998 -0.29000000000000004 1.0500000000000014 0.13461538461538528 0.05769230769230651 
0.7943282347242812 0.03162277660168379 -0.049999999999999156 2.45 0.001 -0.5430000000000001 -0.4209999999999998 3.3032786885245815 0.2540983606557345 0.13114754098360631 
0.7943282347242812 0.03162277660168379 -0.049999999999999156 2.5 0.001 -0.556 -0.5059999999999998 9.739999999999942 0.6000000000000018 0.31999999999999856 
0.7943282347242812 0.03162277660168379 8.881784197001252e-16 0.55 0.001 -0.06000000000000005 0.01200000000000001 0.08333333333333642 6.569444444444437 0.9444444444444444 
0.7943282347242812 0.03162277660168379 8.881784197001252e-16 2.45 0.001 -0.5510000000000002 -0.20799999999999974 0.5597667638483951 0.011661807580174923 0.1953352769679303 
0.7943282347242812 0.03162277660168379 8.881784197001252e-16 2.6 0.001 -0.5630000000000002 -0.5129999999999999 9.899999999999949 0.11999999999999503 1.4599999999999913 
0.7943282347242812 0.03162277660168379 0.05000000000000093 0.35000000000000003 0.001 -0.14400000000000013 -0.10999999999999988 4.058823529411732 1.0882352941176368 17.470588235294 
0.7943282347242812 0.03162277660168379 0.05000000000000093 0.4 0.001 -0.13099999999999978 -0.052999999999999936 1.6282051282051286 0.08974358974359142 6.74358974358976 
0.7943282347242812 0.03162277660168379 0.05000000000000093 0.5 0.001 -0.11099999999999977 -0.01200000000000001 0.515151515151518 4.4646464646464725 0.6464646464646486 
0.7943282347242812 0.03162277660168379 0.05000000000000093 0.55 0.001 -0.10299999999999976 -0.005999999999999783 0.42268041237113335 5.082474226804123 0.12371134020618571 
0.7943282347242812 0.03162277660168379 0.05000000000000093 2.6 0.001 -0.54 -0.5219999999999998 26.99999999999963 2.3888888888888657 5.3888888888888165 
0.7943282347242812 0.03162277660168379 0.05000000000000093 2.6500000000000004 0.001 -0.5470000000000002 -0.46999999999999975 5.57142857142854 0.7012987012986954 1.2857142857142816 
0.7943282347242812 0.03162277660168379 0.05000000000000093 2.7 0.001 -0.5659999999999998 -0.5209999999999999 9.02222222222224 3.1333333333333386 2.133333333333329 
0.7943282347242812 0.03162277660168379 0.05000000000000093 2.75 0.001 -0.6179999999999999 -0.07699999999999996 0.02957486136783737 0.22550831792975953 0.13308687615526815 
0.7943282347242812 0.03162277660168379 0.05000000000000093 2.8000000000000003 0.001 -0.6640000000000001 -0.06299999999999972 0.06322795341098134 0.23960066555740436 0.044925124792012765 
0.7943282347242812 0.1 -0.49999999999999956 1.3 0.001 -0.45799999999999974 -0.42200000000000015 2.777777777777812 8.638888888888987 19.58333333333356 
0.7943282347242812 0.1 -0.4499999999999995 1.35 0.001 -0.4910000000000001 -0.4169999999999998 1.1216216216216137 4.486486486486473 8.499999999999966 
0.7943282347242812 0.1 -0.4499999999999995 1.4000000000000001 0.001 -0.4969999999999999 -0.4790000000000001 6.388888888888974 20.166666666666895 32.77777777777815 
0.7943282347242812 0.1 -0.4499999999999995 1.5 0.001 -0.4790000000000001 -0.42700000000000005 8.211538461538455 10.076923076923068 0.03846153846154273 
0.7943282347242812 0.1 -0.4499999999999995 1.55 0.001 -0.4910000000000001 -0.46099999999999985 15.366666666666534 16.333333333333204 0.4999999999999852 
0.7943282347242812 0.1 -0.4499999999999995 1.6 0.001 -0.508 -0.4950000000000001 38.07692307692338 35.00000000000027 2.6153846153846207 
0.7943282347242812 0.1 -0.4499999999999995 1.75 0.001 -0.5949999999999998 0.0009999999999998899 0.6006711409395978 0.2080536912751681 0.015100671140939433 
0.7943282347242812 0.1 -0.39999999999999947 1.5 0.001 -0.5209999999999999 -0.3999999999999999 3.314049586776858 4.099173553719008 0.2809917355371922 
0.7943282347242812 0.1 -0.39999999999999947 1.55 0.001 -0.516 -0.43299999999999983 5.216867469879505 5.554216867469865 0.7108433734939763 
0.7943282347242812 0.1 -0.39999999999999947 1.6 0.001 -0.5219999999999998 -0.4670000000000001 8.490909090909136 7.7636363636364045 1.618181818181826 
0.7943282347242812 0.1 -0.39999999999999947 1.6500000000000001 0.001 -0.5339999999999998 -0.5030000000000001 16.193548387096943 12.77419354838722 4.193548387096812 
0.7943282347242812 0.1 -0.3499999999999994 1.35 0.001 -0.31000000000000005 -0.2879999999999998 13.318181818181658 25.863636363636097 0.4999999999999798 
0.7943282347242812 0.1 -0.3499999999999994 1.4000000000000001 0.001 -0.34099999999999975 -0.3129999999999997 11.357142857142833 18.92857142857142 1.1785714285714246 
0.7943282347242812 0.1 -0.3499999999999994 1.4500000000000002 0.001 -0.3769999999999998 -0.33999999999999986 9.27027027027029 13.351351351351374 1.5945945945946023 
0.7943282347242812 0.1 -0.3499999999999994 1.5 0.001 -0.41900000000000004 -0.3689999999999998 7.41999999999996 9.179999999999943 1.7999999999999965 
0.7943282347242812 0.1 -0.3499999999999994 1.6500000000000001 0.001 -0.5510000000000002 -0.4670000000000001 5.535714285714285 4.35714285714285 0.5714285714285714 
0.7943282347242812 0.1 -0.3499999999999994 1.7000000000000002 0.001 -0.5579999999999998 -0.504 9.25925925925929 6.296296296296314 0.6296296296296363 
0.7943282347242812 0.1 -0.3499999999999994 1.75 0.001 -0.5699999999999998 -0.5419999999999998 19.17857142857141 11.214285714285706 0.9642857142857024 
0.7943282347242812 0.1 -0.3499999999999994 1.8 0.001 -0.589 -0.5800000000000001 63.88888888888964 32.1111111111115 2.33333333333335 
0.7943282347242812 0.1 -0.2999999999999994 1.25 0.001 -0.22999999999999998 -0.22100000000000009 25.777777777778095 67.00000000000074 0.5555555555555994 
0.7943282347242812 0.1 -0.2999999999999994 1.3 0.001 -0.2509999999999999 -0.2410000000000001 25.10000000000057 56.20000000000118 2.800000000000062 
0.7943282347242812 0.1 -0.2999999999999994 1.35 0.001 -0.274 -0.262 22.583333333333307 43.49999999999998 4.666666666666667 
0.7943282347242812 0.1 -0.2999999999999994 1.4000000000000001 0.001 -0.2999999999999998 -0.28500000000000014 19.4666666666671 32.33333333333402 5.866666666666797 
0.7943282347242812 0.1 -0.2999999999999994 1.4500000000000002 0.001 -0.32699999999999996 -0.30900000000000016 17.44444444444465 24.944444444444745 7.111111111111199 
0.7943282347242812 0.1 -0.2999999999999994 1.55 0.001 -0.3959999999999999 -0.363 11.030303030303054 11.727272727272757 1.3636363636363784 
0.7943282347242812 0.1 -0.2999999999999994 1.6 0.001 -0.44099999999999984 -0.3929999999999998 8.166666666666657 7.47916666666666 0.6458333333333356 
0.7943282347242812 0.1 -0.2999999999999994 1.7000000000000002 0.001 -0.581 -0.45999999999999996 3.7603305785123973 2.5619834710743805 0.1487603305785107 
0.7943282347242812 0.1 -0.2999999999999994 1.75 0.001 -0.581 -0.4979999999999998 5.915662650602393 3.4698795180722843 0.16867469879517782 
0.7943282347242812 0.1 -0.2999999999999994 1.8 0.001 -0.589 -0.5379999999999998 10.37254901960781 5.235294117647041 0.23529411764705832 
0.7943282347242812 0.1 -0.2999999999999994 1.85 0.001 -0.6029999999999998 -0.5789999999999997 23.70833333333331 10.291666666666654 0.458333333333338 
0.7943282347242812 0.1 -0.2999999999999994 1.9000000000000001 0.001 -0.6229999999999998 -0.621 305.00000000003354 114.00000000001266 5.000000000000444 
0.7943282347242812 0.1 -0.24999999999999933 1.2000000000000002 0.001 -0.18999999999999995 -0.18199999999999994 25.0 73.8749999999999 2.5 
0.7943282347242812 0.1 -0.24999999999999933 1.25 0.001 -0.20599999999999996 -0.19899999999999984 30.71428571428518 78.28571428571298 7.142857142856998 
0.7943282347242812 0.1 -0.24999999999999933 1.3 0.001 -0.22399999999999975 -0.21599999999999975 28.74999999999997 63.249999999999915 10.624999999999986 
0.7943282347242812 0.1 -0.24999999999999933 1.35 0.001 -0.24299999999999988 -0.23499999999999988 30.874999999999957 58.37499999999996 15.5 
0.7943282347242812 0.1 -0.24999999999999933 1.5 0.001 -0.31099999999999994 -0.29800000000000004 23.23076923076941 28.461538461538687 2.2307692307692415 
0.7943282347242812 0.1 -0.24999999999999933 1.55 0.001 -0.33899999999999997 -0.32299999999999995 20.24999999999997 21.5 1.3124999999999931 
0.7943282347242812 0.1 -0.24999999999999933 1.6 0.001 -0.371 -0.3500000000000001 16.571428571428658 15.28571428571434 0.7142857142857233 
0.7943282347242812 0.1 -0.24999999999999933 1.6500000000000001 0.001 -0.41000000000000014 -0.379 12.096774193548333 9.645161290322536 0.387096774193547 
0.7943282347242812 0.1 -0.24999999999999933 1.8 0.001 -0.6029999999999998 -0.4849999999999999 4.0084745762711895 2.0677966101694953 0.06779661016949165 
0.7943282347242812 0.1 -0.24999999999999933 1.85 0.001 -0.6059999999999999 -0.5270000000000001 6.48101265822787 2.886075949367101 0.10126582278481056 
0.7943282347242812 0.1 -0.24999999999999933 1.9000000000000001 0.001 -0.6160000000000001 -0.5709999999999997 12.311111111111005 4.733333333333296 0.17777777777777645 
0.7943282347242812 0.1 -0.24999999999999933 1.9500000000000002 0.001 -0.6320000000000001 -0.617 39.93333333333302 13.133333333333228 0.5333333333333294 
0.7943282347242812 0.1 -0.1999999999999993 1.1 0.001 -0.1459999999999999 -0.1349999999999998 14.818181818181639 56.181818181817555 0.90909090909092 
0.7943282347242812 0.1 -0.1999999999999993 1.1500000000000001 0.001 -0.15799999999999992 -0.14800000000000013 17.400000000000407 57.0000000000012 4.10000000000008 
0.7943282347242812 0.1 -0.1999999999999993 1.2000000000000002 0.001 -0.17099999999999982 -0.16100000000000003 18.400000000000407 52.40000000000112 7.9000000000001425 
0.7943282347242812 0.1 -0.1999999999999993 1.25 0.001 -0.18500000000000005 -0.17499999999999982 19.499999999999535 47.99999999999889 12.09999999999972 
0.7943282347242812 0.1 -0.1999999999999993 1.4000000000000001 0.001 -0.23099999999999987 -0.22199999999999998 25.888888888889195 41.44444444444489 3.0000000000000493 
0.7943282347242812 0.1 -0.1999999999999993 1.4500000000000002 0.001 -0.2490000000000001 -0.23999999999999977 27.555555555554488 38.3333333333319 1.9999999999999014 
0.7943282347242812 0.1 -0.1999999999999993 1.5 0.001 -0.26900000000000013 -0.2599999999999998 29.444444444443292 35.55555555555424 1.5555555555554734 
0.7943282347242812 0.1 -0.1999999999999993 1.55 0.001 -0.2909999999999999 -0.28100000000000014 28.200000000000603 29.900000000000674 1.0999999999999912 
0.7943282347242812 0.1 -0.1999999999999993 1.6 0.001 -0.31599999999999984 -0.3039999999999998 25.166666666666647 23.24999999999997 0.8333333333333148 
0.7943282347242812 0.1 -0.1999999999999993 1.6500000000000001 0.001 -0.34399999999999986 -0.33000000000000007 23.214285714286074 18.714285714285996 0.5714285714285805 
0.7943282347242812 0.1 -0.1999999999999993 1.7000000000000002 0.001 -0.3780000000000001 -0.3580000000000001 17.49999999999999 12.249999999999995 0.44999999999999446 
0.7943282347242812 0.1 -0.1999999999999993 1.75 0.001 -0.41900000000000004 -0.3900000000000001 13.034482758620731 7.965517241379329 0.31034482758621956 
0.7943282347242812 0.1 -0.1999999999999993 1.9000000000000001 0.001 -0.6219999999999999 -0.5070000000000001 4.226086956521749 1.6869565217391334 0.07826086956521665 
0.7943282347242812 0.1 -0.1999999999999993 1.9500000000000002 0.001 -0.6269999999999998 -0.5550000000000002 7.388888888888928 2.5277777777777963 0.13888888888888667 
0.7943282347242812 0.1 -0.1999999999999993 2.0 0.001 -0.6400000000000001 -0.605 16.54285714285708 4.914285714285686 0.28571428571429114 
0.7943282347242812 0.1 -0.1999999999999993 2.0500000000000003 0.001 -0.6600000000000001 -0.6539999999999999 104.33333333332936 26.833333333332323 1.833333333333284 
0.7943282347242812 0.1 -0.14999999999999925 1.05 0.001 -0.1259999999999999 -0.10499999999999998 6.666666666666702 28.333333333333446 1.3333333333333404 
0.7943282347242812 0.1 -0.14999999999999925 1.1 0.001 -0.1339999999999999 -0.11499999999999977 7.736842105263095 28.47368421052612 3.6842105263157796 
0.7943282347242812 0.1 -0.14999999999999925 1.1500000000000001 0.001 -0.14400000000000013 -0.1259999999999999 8.611111111110986 27.222222222221873 6.499999999999914 
0.7943282347242812 0.1 -0.14999999999999925 1.2000000000000002 0.001 -0.15300000000000002 -0.13600000000000012 9.529411764705957 26.05882352941189 9.882352941176535 
0.7943282347242812 0.1 -0.14999999999999925 1.35 0.001 -0.18699999999999983 -0.17300000000000004 13.428571428571642 24.14285714285751 1.2142857142857255 
0.7943282347242812 0.1 -0.14999999999999925 1.4000000000000001 0.001 -0.19999999999999973 -0.18699999999999983 15.307692307692413 23.9230769230771 1.0 
0.7943282347242812 0.1 -0.14999999999999925 1.4500000000000002 0.001 -0.21399999999999997 -0.20199999999999996 17.583333333333307 24.0 0.916666666666676 
0.7943282347242812 0.1 -0.14999999999999925 1.5 0.001 -0.22999999999999998 -0.21899999999999986 20.363636363636118 24.454545454545197 0.90909090909092 
0.7943282347242812 0.1 -0.14999999999999925 1.55 0.001 -0.2469999999999999 -0.23599999999999977 21.545454545454277 22.818181818181596 0.9999999999999596 
0.7943282347242812 0.1 -0.14999999999999925 1.6 0.001 -0.266 -0.2559999999999998 25.399999999999412 23.499999999999446 1.0999999999999868 
0.7943282347242812 0.1 -0.14999999999999925 1.6500000000000001 0.001 -0.2879999999999998 -0.27700000000000014 24.636363636364393 20.181818181818773 1.0 
0.7943282347242812 0.1 -0.14999999999999925 1.7000000000000002 0.001 -0.31199999999999983 -0.30100000000000016 26.54545454545535 19.000000000000565 1.090909090909124 
0.7943282347242812 0.1 -0.14999999999999925 1.75 0.001 -0.34099999999999975 -0.32799999999999985 24.23076923076941 15.230769230769344 1.0 
0.7943282347242812 0.1 -0.14999999999999925 1.8 0.001 -0.3759999999999999 -0.3580000000000001 19.000000000000224 10.388888888889023 0.777777777777775 
0.7943282347242812 0.1 -0.14999999999999925 1.9500000000000002 0.001 -0.6360000000000001 -0.47699999999999987 2.8364779874213797 1.0125786163522 0.10691823899370992 
0.7943282347242812 0.1 -0.14999999999999925 2.0 0.001 -0.637 -0.528 4.577981651376148 1.4036697247706427 0.1651376146788972 
0.7943282347242812 0.1 -0.14999999999999925 2.0500000000000003 0.001 -0.645 -0.5829999999999997 8.887096774193504 2.3387096774193448 0.32258064516128915 
0.7943282347242812 0.1 -0.14999999999999925 2.1 0.001 -0.661 -0.6400000000000001 28.809523809523935 6.6190476190476595 0.9523809523809574 
0.7943282347242812 0.1 -0.0999999999999992 0.9500000000000001 0.001 -0.10699999999999976 -0.06599999999999984 2.6097560975609744 15.268292682926866 0.26829268292682185 
0.7943282347242812 0.1 -0.0999999999999992 1.0 0.001 -0.1120000000000001 -0.07299999999999995 2.846153846153841 14.461538461538398 1.461538461538466 
0.7943282347242812 0.1 -0.0999999999999992 1.05 0.001 -0.11799999999999988 -0.08000000000000007 3.026315789473705 13.210526315789533 2.9210526315789673 
0.7943282347242812 0.1 -0.0999999999999992 1.1 0.001 -0.12400000000000011 -0.08800000000000008 3.3333333333333335 12.361111111111097 4.666666666666667 
0.7943282347242812 0.1 -0.0999999999999992 1.25 0.001 -0.14500000000000002 -0.11399999999999988 4.387096774193533 10.322580645161239 0.5161290322580626 
0.7943282347242812 0.1 -0.0999999999999992 1.3 0.001 -0.15300000000000002 -0.12400000000000011 4.931034482758643 10.034482758620717 0.4482758620689634 
0.7943282347242812 0.1 -0.0999999999999992 1.35 0.001 -0.16100000000000003 -0.1349999999999998 5.769230769230711 10.269230769230669 0.4615384615384576 
0.7943282347242812 0.1 -0.0999999999999992 1.4000000000000001 0.001 -0.17099999999999982 -0.1459999999999999 6.320000000000019 9.840000000000035 0.48000000000000215 
0.7943282347242812 0.1 -0.0999999999999992 1.4500000000000002 0.001 -0.18100000000000005 -0.15799999999999992 7.217391304347782 9.913043478260821 0.6086956521739004 
0.7943282347242812 0.1 -0.0999999999999992 1.5 0.001 -0.19199999999999973 -0.17200000000000015 8.850000000000191 10.600000000000236 0.7500000000000222 
0.7943282347242812 0.1 -0.0999999999999992 1.55 0.001 -0.20500000000000007 -0.18599999999999994 9.84210526315782 10.421052631578899 0.9473684210526143 
0.7943282347242812 0.1 -0.0999999999999992 1.6 0.001 -0.21899999999999986 -0.20199999999999996 11.764705882353018 10.941176470588294 1.1176470588235172 
0.7943282347242812 0.1 -0.0999999999999992 1.6500000000000001 0.001 -0.23499999999999988 -0.21999999999999975 14.333333333333204 11.5999999999999 1.3999999999999821 
0.7943282347242812 0.1 -0.0999999999999992 1.7000000000000002 0.001 -0.2530000000000001 -0.23899999999999988 16.428571428571153 11.785714285714091 1.6428571428571248 
0.7943282347242812 0.1 -0.0999999999999992 1.75 0.001 -0.274 -0.2610000000000001 19.15384615384631 12.000000000000103 1.923076923076931 
0.7943282347242812 0.1 -0.0999999999999992 1.8 0.001 -0.29899999999999993 -0.28600000000000003 20.76923076923093 11.46153846153855 2.0769230769231033 
0.7943282347242812 0.1 -0.0999999999999992 1.85 0.001 -0.32799999999999985 -0.31499999999999995 22.76923076923093 10.84615384615393 2.2307692307692752 
0.7943282347242812 0.1 -0.0999999999999992 1.9000000000000001 0.001 -0.36499999999999977 -0.34799999999999986 19.176470588235407 7.9411764705882675 1.7647058823529658 
0.7943282347242812 0.1 -0.0999999999999992 2.0500000000000003 0.001 -0.645 -0.48599999999999977 2.8553459119496796 0.748427672955975 0.22641509433962248 
0.7943282347242812 0.1 -0.0999999999999992 2.1 0.001 -0.649 -0.548 5.079207920792079 1.1287128712871322 0.37623762376237446 
0.7943282347242812 0.1 -0.0999999999999992 2.15 0.001 -0.661 -0.6139999999999999 12.255319148936131 2.3404255319148835 0.8297872340425536 
0.7943282347242812 0.1 -0.0999999999999992 2.2 0.001 -0.6829999999999998 -0.677 106.00000000000385 17.666666666667282 6.8333333333335675 
0.7943282347242812 0.1 -0.049999999999999156 0.9 0.001 -0.10299999999999976 -0.02300000000000013 0.7375000000000055 7.500000000000036 0.4625000000000012 
0.7943282347242812 0.1 -0.049999999999999156 0.9500000000000001 0.001 -0.10599999999999987 -0.027000000000000135 0.7594936708860791 6.620253164556986 1.2911392405063318 
0.7943282347242812 0.1 -0.049999999999999156 1.0 0.001 -0.1080000000000001 -0.03100000000000014 0.8051948051948092 5.818181818181821 2.233766233766237 
0.7943282347242812 0.1 -0.049999999999999156 1.2000000000000002 0.001 -0.12199999999999989 -0.053999999999999826 1.0735294117647043 3.8235294117646994 0.2500000000000049 
0.7943282347242812 0.1 -0.049999999999999156 1.25 0.001 -0.12699999999999978 -0.06099999999999994 1.166666666666669 3.5303030303030405 0.2878787878787905 
0.7943282347242812 0.1 -0.049999999999999156 1.3 0.001 -0.13200000000000012 -0.06800000000000006 1.2812500000000036 3.265624999999991 0.34375000000000344 
0.7943282347242812 0.1 -0.049999999999999156 1.35 0.001 -0.137 -0.07699999999999996 1.4666666666666666 3.149999999999998 0.43333333333332963 
0.7943282347242812 0.1 -0.049999999999999156 1.4000000000000001 0.001 -0.1429999999999998 -0.08599999999999985 1.666666666666664 3.000000000000008 0.5087719298245604 
0.7943282347242812 0.1 -0.049999999999999156 1.4500000000000002 0.001 -0.1499999999999999 -0.09699999999999998 1.9433962264151006 2.943396226415092 0.6415094339622697 
0.7943282347242812 0.1 -0.049999999999999156 1.5 0.001 -0.15700000000000003 -0.1080000000000001 2.285714285714291 2.8979591836734713 0.775510204081639 
0.7943282347242812 0.1 -0.049999999999999156 1.55 0.001 -0.16500000000000004 -0.1200000000000001 2.688888888888893 2.888888888888901 0.9333333333333307 
0.7943282347242812 0.1 -0.049999999999999156 1.6 0.001 -0.17499999999999982 -0.1339999999999999 3.2439024390243962 2.902439024390244 1.1219512195122037 
0.7943282347242812 0.1 -0.049999999999999156 1.6500000000000001 0.001 -0.18500000000000005 -0.14800000000000013 3.8918918918919037 2.972972972972976 1.3513513513513613 
0.7943282347242812 0.1 -0.049999999999999156 1.7000000000000002 0.001 -0.19799999999999995 -0.16500000000000004 4.818181818181838 3.0606060606060677 1.6060606060606082 
0.7943282347242812 0.1 -0.049999999999999156 1.75 0.001 -0.21199999999999974 -0.18299999999999983 6.000000000000015 3.2413793103448323 1.965517241379314 
0.7943282347242812 0.1 -0.049999999999999156 1.8 0.001 -0.22799999999999976 -0.20399999999999974 7.999999999999981 3.6250000000000044 2.541666666666662 
0.7943282347242812 0.1 -0.049999999999999156 1.85 0.001 -0.24799999999999978 -0.22699999999999987 10.14285714285719 3.8571428571428723 3.047619047619064 
0.7943282347242812 0.1 -0.049999999999999156 1.9000000000000001 0.001 -0.2719999999999998 -0.254 13.166666666666822 4.222222222222275 3.72222222222225 
0.7943282347242812 0.1 -0.049999999999999156 1.9500000000000002 0.001 -0.30200000000000005 -0.28500000000000014 15.588235294117743 4.235294117647086 4.117647058823543 
0.7943282347242812 0.1 -0.049999999999999156 2.15 0.001 -0.6520000000000001 -0.4910000000000001 2.8571428571428563 0.3788819875776421 0.48447204968943997 
0.7943282347242812 0.1 -0.049999999999999156 2.2 0.001 -0.6600000000000001 -0.5699999999999998 5.955555555555536 0.6666666666666651 0.8777777777777719 
0.7943282347242812 0.1 -0.049999999999999156 2.25 0.001 -0.677 -0.649 21.85714285714284 2.107142857142861 2.892857142857139 
0.7943282347242812 0.1 8.881784197001252e-16 1.05 0.001 -0.10699999999999976 0.050000000000000266 1.312101910828025 0.18471337579617778 2.5350318471337583 
0.7943282347242812 0.1 8.881784197001252e-16 2.1 0.001 -0.6800000000000002 -0.2919999999999998 0.07216494845360824 0.5515463917525767 0.4046391752577317 
0.7943282347242812 0.1 8.881784197001252e-16 2.2 0.001 -0.653 -0.4979999999999998 0.6709677419354805 2.2580645161290294 0.9741935483870968 
0.7943282347242812 0.1 0.05000000000000093 0.9 0.001 -0.11299999999999999 0.16100000000000003 0.2883211678832123 1.4233576642335755 0.08394160583941652 
0.7943282347242812 0.1 0.05000000000000093 2.25 0.001 -0.6520000000000001 -0.6189999999999998 11.151515151515026 2.5151515151514796 8.545454545454453 
0.7943282347242812 0.1 0.10000000000000098 0.65 0.001 -0.16199999999999992 0.1080000000000001 0.48148148148148107 1.6111111111111112 0.03703703703703789 
0.7943282347242812 0.1 0.10000000000000098 0.75 0.001 -0.14400000000000013 0.050000000000000266 0.21649484536082336 2.1597938144329856 0.7010309278350507 
0.7943282347242812 0.1 0.10000000000000098 0.8 0.001 -0.137 0.04200000000000026 0.22905027932960817 2.882681564245806 0.2569832402234623 
0.7943282347242812 0.1 0.10000000000000098 2.3000000000000003 0.001 -0.6509999999999998 -0.645 94.6666666666701 6.333333333333531 28.33333333333442 
0.7943282347242812 0.1 0.10000000000000098 2.35 0.001 -0.645 -0.5880000000000001 8.842105263157904 0.7192982456140345 3.175438596491232 
0.7943282347242812 0.1 0.10000000000000098 2.4000000000000004 0.001 -0.649 -0.48999999999999977 2.4905660377358445 0.2578616352201249 1.2515723270440222 
0.7943282347242812 0.1 0.15000000000000102 0.55 0.001 -0.24299999999999988 0.1160000000000001 0.5654596100278547 0.11699164345403973 0.9665738161559888 
0.7943282347242812 0.1 0.15000000000000102 0.65 0.001 -0.19899999999999984 -0.19399999999999995 57.60000000000119 80.60000000000173 28.80000000000064 
0.7943282347242812 0.1 0.15000000000000102 0.7000000000000001 0.001 -0.18400000000000016 -0.16699999999999982 14.999999999999687 28.35294117647002 3.8235294117646244 
0.7943282347242812 0.1 0.15000000000000102 0.75 0.001 -0.16999999999999993 -0.1429999999999998 8.333333333333279 20.074074074073984 0.5185185185185082 
0.7943282347242812 0.1 0.15000000000000102 2.4000000000000004 0.001 -0.637 -0.6160000000000001 25.38095238095251 10.952380952381 1.1904761904761916 
0.7943282347242812 0.1 0.15000000000000102 2.45 0.001 -0.6360000000000001 -0.5590000000000002 6.10389610389611 3.389610389610393 0.1818181818181792 
0.7943282347242812 0.1 0.15000000000000102 2.5 0.001 -0.6429999999999998 -0.4830000000000001 2.425000000000007 1.8375000000000037 0.01874999999999797 
0.7943282347242812 0.1 0.15000000000000102 2.5500000000000003 0.001 -0.6640000000000001 -0.544 1.2666666666666666 2.3999999999999964 2.7249999999999974 
0.7943282347242812 0.1 0.15000000000000102 2.6 0.001 -0.7189999999999999 -0.34299999999999997 0.10106382978723358 0.49202127659574496 0.9760638297872343 
0.7943282347242812 0.1 0.20000000000000107 0.45 0.001 -0.33699999999999974 0.11699999999999999 0.528634361233481 0.09911894273127743 0.7158590308370042 
0.7943282347242812 0.1 0.20000000000000107 2.6500000000000004 0.001 -0.673 -0.5110000000000001 0.6358024691358041 1.8518518518518516 2.6543209876543234 
0.7943282347242812 0.1 0.20000000000000107 2.7 0.001 -0.734 -0.387 0.11527377521613844 0.6541786743515847 1.3227665706051877 
0.7943282347242812 0.31622776601683794 -0.3499999999999994 1.3 0.001 -0.7970000000000002 -0.5960000000000001 0.5373134328358212 2.666666666666666 4.572139303482586 
0.7943282347242812 0.31622776601683794 -0.3499999999999994 1.35 0.001 -0.7709999999999999 -0.7069999999999999 2.7656249999999982 8.90624999999999 14.015624999999991 
0.7943282347242812 0.31622776601683794 -0.3499999999999994 1.55 0.001 -0.7570000000000001 -0.7269999999999999 24.36666666666646 25.466666666666463 0.23333333333332051 
0.7943282347242812 0.31622776601683794 -0.3499999999999994 1.6 0.001 -0.7789999999999999 -0.7759999999999998 256.9999999999902 240.99999999999082 12.33333333333284 
0.7943282347242812 0.31622776601683794 -0.3499999999999994 1.8 0.001 -0.9430000000000001 -0.040999999999999925 0.6252771618625277 0.17294900221729503 0.11640798226164076 
0.7943282347242812 0.31622776601683794 -0.2999999999999994 1.4000000000000001 0.001 -0.8090000000000002 -0.661 0.9459459459459459 3.7297297297297267 5.621621621621616 
0.7943282347242812 0.31622776601683794 -0.2999999999999994 1.5 0.001 -0.7599999999999998 -0.6189999999999998 4.482269503546097 5.3971631205673765 0.10638297872340513 
0.7943282347242812 0.31622776601683794 -0.2999999999999994 1.55 0.001 -0.7629999999999999 -0.673 7.522222222222235 7.95555555555557 0.5666666666666643 
0.7943282347242812 0.31622776601683794 -0.2999999999999994 1.6 0.001 -0.774 -0.7290000000000001 16.088888888888917 14.86666666666669 2.177777777777778 
0.7943282347242812 0.31622776601683794 -0.2999999999999994 1.6500000000000001 0.001 -0.7930000000000001 -0.7829999999999999 76.89999999999824 62.39999999999853 15.099999999999676 
0.7943282347242812 0.31622776601683794 -0.2999999999999994 1.75 0.001 -0.871 -0.03200000000000003 0.6495828367103694 0.15375446960667463 0.20619785458879625 
0.7943282347242812 0.31622776601683794 -0.24999999999999933 1.5 0.001 -0.7919999999999998 -0.5529999999999999 2.368200836820084 2.9414225941422623 0.2928870292887024 
0.7943282347242812 0.31622776601683794 -0.24999999999999933 1.55 0.001 -0.7789999999999999 -0.6069999999999998 3.5523255813953445 3.784883720930231 0.7151162790697655 
0.7943282347242812 0.31622776601683794 -0.24999999999999933 1.6 0.001 -0.7789999999999999 -0.6659999999999999 5.849557522123894 5.336283185840706 1.6106194690265523 
0.7943282347242812 0.31622776601683794 -0.24999999999999933 1.6500000000000001 0.001 -0.7879999999999998 -0.726 11.48387096774197 9.016129032258084 4.04838709677421 
0.7943282347242812 0.31622776601683794 -0.1999999999999993 1.4000000000000001 0.001 -0.46199999999999974 -0.3919999999999999 6.014285714285726 10.628571428571457 0.5285714285714287 
0.7943282347242812 0.31622776601683794 -0.1999999999999993 1.4500000000000002 0.001 -0.5129999999999999 -0.43199999999999994 5.5802469135802495 8.46913580246914 1.1234567901234598 
0.7943282347242812 0.31622776601683794 -0.1999999999999993 1.7000000000000002 0.001 -0.7989999999999999 -0.7170000000000001 8.47560975609758 5.451219512195133 0.9512195121951218 
0.7943282347242812 0.31622776601683794 -0.1999999999999993 1.75 0.001 -0.8140000000000001 -0.7839999999999998 25.133333333333127 13.83333333333322 2.3333333333333086 
0.7943282347242812 0.31622776601683794 -0.14999999999999925 1.3 0.001 -0.33299999999999974 -0.2519999999999998 3.604938271604938 9.777777777777786 0.08641975308641577 
0.7943282347242812 0.31622776601683794 -0.14999999999999925 1.35 0.001 -0.3599999999999999 -0.28100000000000014 3.9620253164557115 9.253164556962055 0.683544303797474 
0.7943282347242812 0.31622776601683794 -0.14999999999999925 1.4000000000000001 0.001 -0.391 -0.3129999999999997 4.333333333333313 8.48717948717946 1.5256410256410171 
0.7943282347242812 0.31622776601683794 -0.14999999999999925 1.4500000000000002 0.001 -0.42799999999999994 -0.3500000000000001 4.717948717948731 7.615384615384628 2.4615384615384683 
0.7943282347242812 0.31622776601683794 -0.14999999999999925 1.5 0.001 -0.47399999999999975 -0.3919999999999999 4.9024390243902545 6.512195121951229 3.2560975609756144 
0.7943282347242812 0.31622776601683794 -0.14999999999999925 1.6500000000000001 0.001 -0.8090000000000002 -0.5550000000000002 2.141732283464567 1.5551181102362206 0.3228346456692925 
0.7943282347242812 0.31622776601683794 -0.14999999999999925 1.7000000000000002 0.001 -0.8029999999999999 -0.625 3.4044943820224725 2.03932584269663 0.43258426966292374 
0.7943282347242812 0.31622776601683794 -0.14999999999999925 1.75 0.001 -0.8069999999999999 -0.6999999999999997 6.299065420560735 3.1214953271027985 0.7196261682242973 
0.7943282347242812 0.31622776601683794 -0.14999999999999925 1.8 0.001 -0.8199999999999998 -0.7759999999999998 16.88636363636362 7.02272727272727 1.7954545454545379 
0.7943282347242812 0.31622776601683794 -0.14999999999999925 1.85 0.001 -0.8439999999999999 -0.8420000000000001 400.50000000004417 144.00000000001577 41.00000000000466 
0.7943282347242812 0.31622776601683794 -0.0999999999999992 1.1 0.001 -0.22599999999999998 -0.07099999999999973 0.7483870967741901 0.05806451612903436 5.9096774193548285 
0.7943282347242812 0.31622776601683794 -0.0999999999999992 1.1500000000000001 0.001 -0.238 -0.08800000000000008 0.8266666666666679 0.09333333333333495 5.86666666666667 
0.7943282347242812 0.31622776601683794 -0.0999999999999992 1.2000000000000002 0.001 -0.2509999999999999 -0.10599999999999987 0.9241379310344819 0.11724137931034415 5.765517241379312 
0.7943282347242812 0.31622776601683794 -0.0999999999999992 1.9500000000000002 0.001 -0.8900000000000001 -0.04599999999999982 0.01895734597156399 0.15758293838862555 0.17298578199052114 
0.7943282347242812 0.31622776601683794 -0.0999999999999992 2.0 0.001 -0.9380000000000002 -0.04999999999999982 0.014639639639639521 0.1373873873873872 0.17004504504504525 
0.7943282347242812 0.31622776601683794 -0.0999999999999992 2.0500000000000003 0.001 -0.9750000000000001 -0.05500000000000016 0.009782608695652546 0.12499999999999976 0.1684782608695655 
0.7943282347242812 0.31622776601683794 -0.049999999999999156 1.4500000000000002 0.001 -0.2869999999999999 0.09299999999999997 0.61842105263158 0.3789473684210519 1.0421052631578949 
0.7943282347242812 0.31622776601683794 -0.049999999999999156 1.7000000000000002 0.001 -0.8609999999999998 -0.4849999999999999 0.38297872340425576 0.6622340425531908 1.000000000000001 
0.7943282347242812 0.31622776601683794 8.881784197001252e-16 1.35 0.001 -0.20599999999999996 0.2160000000000002 0.5829383886255922 0.8672985781990521 0.021327014218009227 
0.7943282347242812 0.31622776601683794 8.881784197001252e-16 1.8 0.001 -0.8329999999999997 -0.8119999999999998 15.76190476190483 12.14285714285719 20.523809523809618 
0.7943282347242812 0.31622776601683794 0.15000000000000102 0.9500000000000001 0.001 -0.15300000000000002 0.14700000000000024 1.1433333333333322 1.0766666666666656 0.07666666666666704 
0.7943282347242812 0.31622776601683794 0.15000000000000102 1.0 0.001 -0.14500000000000002 0.10499999999999998 0.4280000000000008 0.5719999999999992 1.8320000000000007 
0.7943282347242812 0.31622776601683794 0.15000000000000102 2.2 0.001 -0.8420000000000001 -0.8369999999999997 74.99999999999494 65.39999999999557 57.79999999999604 
0.7943282347242812 0.31622776601683794 0.20000000000000107 0.8 0.001 -0.19899999999999984 -0.18599999999999994 33.76923076923103 10.923076923077 40.07692307692338 
0.7943282347242812 0.31622776601683794 0.20000000000000107 0.8500000000000001 0.001 -0.18400000000000016 -0.1589999999999998 19.279999999999717 6.279999999999912 15.759999999999781 
0.7943282347242812 0.31622776601683794 0.20000000000000107 0.9 0.001 -0.17099999999999982 -0.133 14.342105263157963 7.605263157894778 3.105263157894749 
0.7943282347242812 0.31622776601683794 0.20000000000000107 0.9500000000000001 0.001 -0.1589999999999998 -0.10999999999999988 6.06122448979593 6.734693877551022 5.755102040816335 
0.7943282347242812 0.31622776601683794 0.20000000000000107 2.15 0.001 -0.7930000000000001 -0.609 2.478260869565215 1.3315217391304341 0.30978260869565155 
0.7943282347242812 0.31622776601683794 0.20000000000000107 2.2 0.001 -0.8010000000000002 -0.4990000000000001 1.006622516556292 1.0198675496688734 0.1589403973509935 
0.7943282347242812 0.31622776601683794 0.20000000000000107 2.3000000000000003 0.001 -0.8839999999999999 -0.46199999999999974 0.36018957345971475 1.1208530805687207 0.05450236966824568 
0.7943282347242812 0.31622776601683794 0.20000000000000107 2.35 0.001 -0.919 -0.3839999999999999 0.2635514018691588 0.8112149532710281 0.018691588785046325 
0.7943282347242812 1.0 -0.1999999999999993 1.1500000000000001 0.001 -0.9969999999999999 -0.5190000000000001 0.32426778242677895 0.9351464435146449 0.023012552301254565 
0.7943282347242812 1.0 -0.1999999999999993 1.2000000000000002 0.001 -0.9689999999999999 -0.6059999999999999 0.48209366391184527 1.3774104683195594 0.04132231404958712 
0.7943282347242812 1.0 -0.1999999999999993 1.25 0.001 -0.9140000000000001 -0.823 3.450549450549444 6.208791208791195 0.19780219780219513 
0.7943282347242812 1.0 -0.1999999999999993 1.9500000000000002 0.001 -0.08599999999999985 -0.07099999999999973 32.66666666666638 11.333333333333234 25.866666666666447 
0.7943282347242812 1.0 -0.1999999999999993 2.0 0.001 -0.09600000000000009 -0.08599999999999985 43.99999999999898 15.399999999999636 48.89999999999886 
0.7943282347242812 1.0 -0.14999999999999925 1.2000000000000002 0.001 -1.011 -0.46799999999999997 0.423572744014733 0.3627992633517497 0.250460405156538 
0.7943282347242812 1.0 -0.14999999999999925 1.25 0.001 -0.98 -0.5459999999999998 0.5115207373271887 0.6543778801843311 0.29723502304147453 
0.7943282347242812 1.0 -0.14999999999999925 1.5 0.001 -0.9159999999999999 -0.879 22.324324324324373 3.1891891891891926 26.027027027027096 
0.7943282347242812 1.0 -0.14999999999999925 1.6500000000000001 0.001 -1.033 -0.06599999999999984 0.12306101344363987 0.8386763185108582 0.050672182006205144 
0.7943282347242812 1.0 -0.14999999999999925 1.9000000000000001 0.001 -0.08999999999999986 0.040000000000000036 2.069230769230772 1.700000000000002 3.523076923076924 
0.7943282347242812 1.0 -0.14999999999999925 1.9500000000000002 0.001 -0.09600000000000009 0.040999999999999925 1.335766423357666 1.7080291970802917 4.043795620437958 
0.7943282347242812 1.0 -0.0999999999999992 1.35 0.001 -0.935 -0.9199999999999999 22.333333333333147 24.1999999999998 22.733333333333157 
0.7943282347242812 1.0 -0.0999999999999992 1.4500000000000002 0.001 -0.9049999999999998 -0.573 1.183734939759036 0.9126506024096401 2.7409638554216884 
0.7943282347242812 1.0 -0.0999999999999992 1.5 0.001 -0.9079999999999999 -0.7439999999999998 3.591463414634143 1.7195121951219499 5.280487804878042 
0.7943282347242812 1.0 -0.0999999999999992 1.55 0.001 -0.9209999999999998 -0.8729999999999998 15.249999999999982 5.708333333333329 16.895833333333318 
0.7943282347242812 1.0 -0.0999999999999992 1.6 0.001 -0.952 -0.13200000000000012 0.3353658536585371 0.8670731707317073 0.07804878048780496 
0.7943282347242812 1.0 -0.0999999999999992 1.6500000000000001 0.001 -1.001 -0.1259999999999999 0.32457142857142834 0.64 0.21600000000000005 
0.7943282347242812 1.0 -0.0999999999999992 1.7000000000000002 0.001 -1.037 -0.12299999999999978 0.33807439824945257 0.38840262582056884 0.39934354485776824 
0.7943282347242812 1.0 -0.049999999999999156 1.4000000000000001 0.001 -0.9409999999999998 -0.9329999999999998 57.99999999999994 82.49999999999994 105.37499999999984 
0.7943282347242812 1.0 -0.049999999999999156 1.4500000000000002 0.001 -0.9180000000000001 -0.6589999999999998 1.416988416988415 1.9266409266409228 3.0463320463320427 
0.7943282347242812 1.0 0.05000000000000093 1.4000000000000001 0.001 -1.034 -0.19099999999999984 0.7829181494661916 0.5504151838671415 0.009489916963226578 
0.7943282347242812 1.0 0.05000000000000093 1.4500000000000002 0.001 -0.996 -0.20699999999999985 0.632446134347275 0.46514575411913806 0.3282636248415714 
0.7943282347242812 1.0 0.10000000000000098 1.35 0.001 -0.11899999999999977 0.22199999999999998 1.064516129032259 0.982404692082112 0.043988269794721806 
0.7943282347242812 1.0 0.10000000000000098 1.4500000000000002 0.001 -1.033 -0.12299999999999978 0.33296703296703284 0.43186813186813156 0.3648351648351651 
0.7943282347242812 1.0 0.10000000000000098 1.5 0.001 -0.9929999999999999 -0.12699999999999978 0.325635103926097 0.6801385681293302 0.1893764434180135 
0.7943282347242812 1.0 0.10000000000000098 1.55 0.001 -0.944 -0.133 0.33785450061652283 0.9025893958076452 0.05918618988902595 
0.7943282347242812 1.0 0.10000000000000098 1.6 0.001 -0.9180000000000001 -0.8540000000000001 11.109374999999995 4.296874999999995 12.812499999999986 
0.7943282347242812 1.0 0.10000000000000098 1.6500000000000001 0.001 -0.907 -0.718 2.9629629629629624 1.5026455026455012 4.629629629629631 
0.7943282347242812 1.0 0.10000000000000098 1.7000000000000002 0.001 -0.9060000000000001 -0.5409999999999999 0.9726027397260267 0.8465753424657534 2.504109589041094 
0.7943282347242812 1.0 0.15000000000000102 1.2000000000000002 0.001 -0.09499999999999975 0.040999999999999925 1.4485294117647098 1.6911764705882393 3.99264705882354 
0.7943282347242812 1.0 0.15000000000000102 1.25 0.001 -0.08899999999999997 0.040000000000000036 2.201550387596901 1.7209302325581393 3.3643410852713154 
0.7943282347242812 1.0 0.15000000000000102 1.5 0.001 -1.028 -0.06499999999999995 0.12253374870197287 0.857736240913811 0.03842159916926264 
0.7943282347242812 1.0 0.15000000000000102 1.6500000000000001 0.001 -0.9129999999999998 -0.8639999999999999 16.551020408163286 2.4285714285714364 19.73469387755105 
0.7943282347242812 1.0 0.15000000000000102 1.9000000000000001 0.001 -0.988 -0.5299999999999998 0.4825327510917021 0.5873362445414848 0.283842794759825 
0.7943282347242812 1.0 0.15000000000000102 1.9500000000000002 0.001 -1.012 -0.45799999999999974 0.4223826714801442 0.33032490974729195 0.24729241877256308 
0.7943282347242812 1.0 0.20000000000000107 1.1500000000000001 0.001 -0.09399999999999986 -0.08299999999999974 40.63636363636316 14.090909090908958 43.454545454544956 
0.7943282347242812 1.0 0.20000000000000107 1.2000000000000002 0.001 -0.08400000000000007 -0.06899999999999995 33.33333333333306 11.666666666666558 24.1999999999998 
0.7943282347242812 1.0 0.20000000000000107 1.25 0.001 -0.07399999999999984 -0.05600000000000005 31.388888888889245 17.44444444444465 5.055555555555624 
0.7943282347242812 1.0 0.20000000000000107 1.9500000000000002 0.001 -0.9769999999999999 -0.589 0.43814432989690716 1.2628865979381452 0.03865979381443217 
0.7943282347242812 1.0 0.20000000000000107 2.0 0.001 -0.9969999999999999 -0.508 0.31492842535787313 0.899795501022495 0.020449897750511724 
0.630957344480193 0.03162277660168379 -0.8999999999999999 1.6 0.001 -0.46199999999999974 -0.45500000000000007 121.57142857143424 3.0000000000001905 3.5714285714287257 
0.630957344480193 0.03162277660168379 0.05000000000000093 2.75 0.001 -1.014 -0.992 1.6363636363636365 41.99999999999996 6.409090909090904 
0.630957344480193 0.1 -0.0999999999999992 0.8500000000000001 0.001 -0.051000000000000156 0.03100000000000014 11.18292682926825 1.0121951219512126 0.5731707317073222 
0.630957344480193 0.1 -0.0999999999999992 2.3000000000000003 0.001 -1.081 -0.9969999999999999 0.19047619047619047 11.309523809523796 0.9642857142857183 
0.630957344480193 0.1 -0.049999999999999156 2.35 0.001 -1.085 -0.9939999999999998 10.538461538461512 0.7032967032967025 0.18681318681319026 
0.630957344480193 0.1 8.881784197001252e-16 0.75 0.001 -0.05600000000000005 0.02499999999999991 11.493827160493833 0.8765432098765458 0.7160493827160477 
0.630957344480193 0.1 0.10000000000000098 0.65 0.001 -0.13099999999999978 0.08400000000000007 4.172093023255816 0.1674418604651186 0.306976744186046 
0.630957344480193 0.1 0.10000000000000098 2.5 0.001 -1.0879999999999999 -1.022 0.43939393939394256 13.742424242424278 3.318181818181824 
0.630957344480193 0.1 0.15000000000000102 2.5500000000000003 0.001 -1.085 -1.043 1.3095238095238069 21.785714285714267 6.238095238095233 
0.630957344480193 0.1 0.20000000000000107 2.6 0.001 -1.08 -1.059 3.476190476190463 0.23809523809523156 43.38095238095212 
0.630957344480193 0.1 0.2500000000000011 2.6500000000000004 0.001 -1.073 -1.068 17.400000000000407 1.8000000000000178 180.40000000000387 
0.630957344480193 0.31622776601683794 -0.5999999999999996 1.7000000000000002 0.001 -1.2449999999999999 -0.0040000000000000036 0.7614826752618858 0.03626107977437545 0.06446414182111171 
0.630957344480193 0.31622776601683794 -0.49999999999999956 1.55 0.001 -1.1079999999999999 -1.008 10.090000000000012 10.77000000000002 0.3299999999999952 
0.630957344480193 0.31622776601683794 -0.4499999999999995 1.55 0.001 -1.159 -0.9260000000000002 3.9828326180257547 4.356223175965668 0.4849785407725305 
0.630957344480193 0.31622776601683794 -0.4499999999999995 1.6 0.001 -1.128 -1.033 10.852631578947372 9.578947368421051 2.6631578947368486 
0.630957344480193 0.31622776601683794 -0.1999999999999993 1.8 0.001 -1.201 -1.19 18.54545454545436 86.90909090908995 32.27272727272692 
0.630957344480193 0.31622776601683794 -0.14999999999999925 1.3 0.001 -0.25 0.03400000000000025 3.267605633802814 0.8309859154929577 0.03521126760563302 
0.630957344480193 0.31622776601683794 -0.14999999999999925 1.85 0.001 -1.206 -1.176 6.033333333333323 31.99999999999997 9.366666666666664 
0.630957344480193 0.31622776601683794 -0.0999999999999992 1.2000000000000002 0.001 -0.16599999999999993 -0.16000000000000014 33.00000000000126 191.00000000000688 5.666666666666839 
0.630957344480193 0.31622776601683794 -0.0999999999999992 1.9500000000000002 0.001 -1.222 -1.204 64.77777777777773 10.833333333333314 0.38888888888889506 
0.630957344480193 0.31622776601683794 -0.049999999999999156 1.1500000000000001 0.001 -0.125 -0.009999999999999787 0.4260869565217378 10.16521739130433 0.1565217391304327 
0.630957344480193 0.31622776601683794 -0.049999999999999156 1.35 0.001 -0.1549999999999998 -0.09899999999999975 1.1071428571428532 1.249999999999996 6.285714285714286 
0.630957344480193 0.31622776601683794 -0.049999999999999156 1.4000000000000001 0.001 -0.16500000000000004 -0.129 2.6666666666666665 1.8055555555555525 8.555555555555543 
0.630957344480193 0.31622776601683794 -0.049999999999999156 1.4500000000000002 0.001 -0.17799999999999994 -0.15799999999999992 6.349999999999984 3.100000000000011 13.449999999999994 
0.630957344480193 0.31622776601683794 -0.049999999999999156 1.5 0.001 -0.19300000000000006 -0.18699999999999983 26.16666666666568 10.166666666666272 39.166666666665165 
0.630957344480193 0.31622776601683794 -0.049999999999999156 1.6500000000000001 0.001 -0.2709999999999999 -0.03100000000000014 0.25416666666666854 0.6333333333333326 0.033333333333333395 
0.630957344480193 0.31622776601683794 -0.049999999999999156 1.7000000000000002 0.001 -0.30699999999999994 -0.03200000000000003 0.22909090909090976 0.4436363636363634 0.0800000000000009 
0.630957344480193 0.31622776601683794 -0.049999999999999156 1.75 0.001 -0.347 -0.03200000000000003 0.20634920634920623 0.29206349206349236 0.12063492063492147 
0.630957344480193 0.31622776601683794 -0.049999999999999156 1.8 0.001 -0.3929999999999998 -0.03399999999999981 0.20334261838440099 0.15320334261838361 0.1643454038997219 
0.630957344480193 0.31622776601683794 -0.049999999999999156 1.85 0.001 -1.259 -0.43299999999999983 0.4818401937046001 0.10653753026634391 0.11016949152542395 
0.630957344480193 0.31622776601683794 -0.049999999999999156 2.0 0.001 -1.2309999999999999 -1.226 237.20000000000505 9.400000000000231 23.400000000000496 
0.630957344480193 0.31622776601683794 8.881784197001252e-16 1.1500000000000001 0.001 -0.10099999999999998 0.07900000000000018 4.999999999999995 0.9111111111111087 0.39444444444444754 
0.630957344480193 0.31622776601683794 8.881784197001252e-16 2.0 0.001 -1.2149999999999999 -1.1019999999999999 0.6106194690265483 8.45132743362832 1.5840707964601757 
0.630957344480193 0.31622776601683794 0.05000000000000093 2.0 0.001 -1.2189999999999999 -1.2169999999999999 494.4999999999996 24.499999999999943 131.49999999999983 
0.630957344480193 0.31622776601683794 0.05000000000000093 2.0500000000000003 0.001 -1.216 -1.071 5.772413793103447 0.47586206896551686 1.7310344827586197 
0.630957344480193 0.31622776601683794 0.10000000000000098 1.1 0.001 -0.07899999999999974 0.007000000000000117 1.8255813953488407 12.209302325581419 0.02325581395348585 
0.630957344480193 0.31622776601683794 0.10000000000000098 2.0500000000000003 0.001 -1.2129999999999999 -1.202 92.81818181818267 15.90909090909108 7.818181818181877 
0.630957344480193 0.31622776601683794 0.15000000000000102 2.15 0.001 -1.2149999999999999 -1.165 2.9000000000000106 22.320000000000082 0.08000000000000035 
0.630957344480193 1.0 -0.5499999999999996 2.0500000000000003 0.001 -0.10499999999999998 1.0419999999999998 0.06364428945074142 0.056669572798604635 0.006974716652136014 
0.630957344480193 1.0 -0.24999999999999933 1.35 0.001 -1.276 -1.183 0.4838709677419373 0.3225806451612907 12.451612903225811 
0.630957344480193 1.0 -0.14999999999999925 1.4500000000000002 0.001 -1.287 -1.169 0.90677966101695 9.135593220338993 0.033898305084745825 
0.630957344480193 1.0 -0.0999999999999992 1.6500000000000001 0.001 -0.040999999999999925 0.03000000000000025 14.47887323943658 1.5774647887323918 1.7183098591549237 
0.630957344480193 1.0 -0.049999999999999156 1.55 0.001 -1.296 -1.2369999999999999 19.169491525423677 3.4915254237288034 20.711864406779604 
0.630957344480193 1.0 -0.049999999999999156 1.6 0.001 -1.331 -0.09899999999999975 0.16801948051948037 0.8920454545454543 0.07142857142857148 
0.630957344480193 1.0 0.05000000000000093 1.55 0.001 -1.322 -0.10000000000000009 0.16857610474631748 0.9255319148936172 0.048281505728314376 
0.630957344480193 1.0 0.05000000000000093 1.6 0.001 -1.295 -1.207 12.488636363636385 2.3522727272727346 14.000000000000025 
0.630957344480193 1.0 0.10000000000000098 1.6500000000000001 0.001 -1.292 -1.17 0.9754098360655729 8.368852459016386 0.5819672131147514 
0.630957344480193 1.0 0.15000000000000102 1.4500000000000002 0.001 -0.020000000000000018 -0.016000000000000014 269.49999999999983 26.75000000000003 29.499999999999833 
0.630957344480193 1.0 0.2500000000000011 1.35 0.001 -0.04999999999999982 1.1079999999999997 0.025906735751295564 0.03886010362694296 0.08031088082901555 
0.630957344480193 1.0 0.5500000000000014 2.0500000000000003 0.001 -1.188 -1.18 8.124999999999986 9.124999999999986 143.3749999999999 
1.9952623149688788 0.0031622776601683794 0.05000000000000093 3.1 0.001 -0.007000000000000117 1.4329999999999998 0.03333333333333337 0.009722222222222385 0.027083333333333126 
1.9952623149688788 0.0031622776601683794 0.15000000000000102 0.1 0.001 -1.515 -1.505 4.299999999999989 2.2 144.69999999999987 
1.9952623149688788 0.01 0.05000000000000093 3.1 0.001 -0.020999999999999908 1.3899999999999997 0.04181431608788106 0.036144578313253135 0.03472714386959631 
1.9952623149688788 0.01 0.15000000000000102 0.1 0.001 -1.528 -1.513 5.26666666666662 2.666666666666647 94.33333333333253 
1.9952623149688788 0.01 0.8000000000000016 2.5500000000000003 0.001 -0.02300000000000013 1.1870000000000003 0.016528925619834354 0.016528925619835086 0.01818181818181764 
1.9952623149688788 0.01 0.8500000000000016 2.5500000000000003 0.001 -0.02400000000000002 1.2069999999999999 0.012997562956945586 0.03330625507717334 0.0016246953696180178 
1.9952623149688788 0.03162277660168379 -0.049999999999999156 1.35 0.001 -0.0040000000000000036 -0.0019999999999997797 5.999999999999334 0.999999999999778 11.49999999999878 
1.9952623149688788 0.03162277660168379 8.881784197001252e-16 0.1 0.001 -1.459 0.0040000000000000036 0.007518796992481285 0.02323991797675995 0.005468215994531789 
1.9952623149688788 0.03162277660168379 8.881784197001252e-16 0.15000000000000002 0.001 -1.455 0.0030000000000001137 0.014403292181069893 0.017146776406035603 0.005486968449931417 
1.9952623149688788 0.03162277660168379 8.881784197001252e-16 3.0 0.001 -0.05699999999999994 -0.04899999999999993 3.3750000000000138 2.3749999999999583 182.49999999999983 
1.9952623149688788 0.03162277660168379 8.881784197001252e-16 3.0500000000000003 0.001 -0.05699999999999994 -0.04899999999999993 4.5 1.1249999999999862 182.87499999999991 
1.9952623149688788 0.03162277660168379 8.881784197001252e-16 3.1 0.001 -0.05600000000000005 -0.051000000000000156 9.000000000000266 290.4000000000061 1.8000000000001066 
1.9952623149688788 0.03162277660168379 0.05000000000000093 0.05 0.001 -1.562 -1.48 1.024390243902439 1.4878048780487778 16.317073170731692 
1.9952623149688788 0.03162277660168379 0.05000000000000093 3.1 0.001 -0.06400000000000006 1.303 0.04535479151426502 0.09583028529626937 0.04096561814191664 
1.9952623149688788 0.03162277660168379 0.10000000000000098 0.05 0.001 -1.564 -1.4749999999999999 0.7303370786516832 1.7191011235955023 14.842696629213451 
1.9952623149688788 0.03162277660168379 0.10000000000000098 3.1 0.001 -0.06400000000000006 1.229 0.15081206496519742 0.030935808197989197 0.08507347254446977 
1.9952623149688788 0.03162277660168379 0.15000000000000102 0.1 0.001 -1.529 -1.512 8.176470588235341 4.764705882352966 79.7647058823534 
1.9952623149688788 0.03162277660168379 0.15000000000000102 3.0500000000000003 0.001 -0.06400000000000006 1.2770000000000001 0.08650260999254261 0.07009694258016427 0.043997017151379686 
1.9952623149688788 0.03162277660168379 0.20000000000000107 3.0 0.001 -0.06400000000000006 1.3020000000000005 0.0366032210834552 0.09663250366032183 0.0366032210834552 
1.9952623149688788 0.03162277660168379 0.4500000000000013 2.8000000000000003 0.001 -0.06400000000000006 1.263 0.007535795026375122 0.03391107761868939 0.057272042200451866 
1.9952623149688788 0.03162277660168379 0.6500000000000015 0.5 0.001 -1.305 -1.266 1.4871794871794914 0.6153846153846171 32.05128205128212 
1.9952623149688788 0.03162277660168379 0.7000000000000015 0.55 0.001 -1.274 -1.27 31.74999999999997 0.5 301.9999999999998 
1.9952623149688788 0.03162277660168379 0.7000000000000015 2.6 0.001 -0.06699999999999973 1.157 0.020424836601307485 0.05473856209150269 0.02287581699346444 
1.9952623149688788 0.1 -0.14999999999999925 1.3 0.001 -0.0040000000000000036 0.0009999999999998899 7.800000000000195 0.6000000000000355 14.600000000000302 
1.9952623149688788 0.1 -0.14999999999999925 1.35 0.001 -0.01200000000000001 -0.007000000000000117 7.400000000000231 1.1999999999999822 13.600000000000302 
1.9952623149688788 0.1 -0.14999999999999925 1.4000000000000001 0.001 -0.019000000000000128 -0.016000000000000014 11.999999999999556 3.333333333333284 20.333333333332543 
1.9952623149688788 0.1 -0.14999999999999925 1.4500000000000002 0.001 -0.028000000000000025 -0.0259999999999998 18.49999999999789 5.999999999999334 27.99999999999689 
1.9952623149688788 0.1 -0.14999999999999925 1.7000000000000002 0.001 -0.08099999999999996 -0.02400000000000002 0.1929824561403532 0.6491228070175432 0.03508771929824958 
1.9952623149688788 0.1 -0.14999999999999925 1.75 0.001 -0.09299999999999997 -0.03100000000000014 0.14516129032258654 0.5806451612903246 0.0645161290322583 
1.9952623149688788 0.1 -0.14999999999999925 1.8 0.001 -0.10599999999999987 -0.03699999999999992 0.07246376811594053 0.5507246376811635 0.057971014492753714 
1.9952623149688788 0.1 -0.14999999999999925 1.85 0.001 -0.11799999999999988 -0.04400000000000004 0.02702702702703011 0.5405405405405421 0.06756756756756627 
1.9952623149688788 0.1 8.881784197001252e-16 0.05 0.001 -1.385 -1.321 20.734374999999986 2.249999999999993 0.2656250000000052 
1.9952623149688788 0.1 8.881784197001252e-16 0.1 0.001 -1.376 0.0030000000000001137 0.02683103698332119 0.07759245830311835 0.015953589557650326 
1.9952623149688788 0.1 8.881784197001252e-16 0.15000000000000002 0.001 -1.388 0.002000000000000224 0.04892086330935256 0.05467625899280548 0.015827338129496576 
1.9952623149688788 0.1 8.881784197001252e-16 0.2 0.001 -1.391 0.0009999999999998899 0.07183908045977018 0.03304597701149444 0.008620689655172422 
1.9952623149688788 0.1 8.881784197001252e-16 2.95 0.001 -0.16199999999999992 -0.1459999999999999 3.1249999999999862 5.937500000000007 86.99999999999991 
1.9952623149688788 0.1 8.881784197001252e-16 3.0 0.001 -0.16800000000000015 -0.1459999999999999 3.7272727272726796 2.8181818181817997 63.09090909090839 
1.9952623149688788 0.1 8.881784197001252e-16 3.0500000000000003 0.001 -0.16900000000000004 -0.1469999999999998 5.09090909090902 1.4090909090908998 62.59090909090841 
1.9952623149688788 0.1 0.05000000000000093 0.05 0.001 -1.509 -1.427 2.8292682926829316 1.365853658536589 15.13414634146344 
1.9952623149688788 0.1 0.05000000000000093 3.1 0.001 -0.15600000000000014 1.1100000000000003 0.0347551342812003 0.22985781990521348 0.04186413902053706 
1.9952623149688788 0.1 0.10000000000000098 0.1 0.001 -1.513 -1.402 1.468468468468469 1.6576576576576574 11.153153153153156 
1.9952623149688788 0.1 0.10000000000000098 3.0500000000000003 0.001 -0.18199999999999994 1.0999999999999996 0.0702028081123251 0.17394695787831507 0.0756630265210605 
1.9952623149688788 0.1 0.15000000000000102 0.1 0.001 -1.4789999999999999 -1.45 7.310344827586227 6.103448275862089 42.96551724137944 
1.9952623149688788 0.1 0.15000000000000102 3.0 0.001 -0.18599999999999994 1.0700000000000003 0.1353503184713375 0.12022292993630555 0.08757961783439515 
1.9952623149688788 0.1 0.20000000000000107 0.15000000000000002 0.001 -1.4849999999999999 -1.423 3.4838709677419444 1.500000000000007 20.967741935483925 
1.9952623149688788 0.1 0.40000000000000124 0.35000000000000003 0.001 -1.322 -1.2209999999999999 1.0099009900990066 0.3069306930693077 12.59405940594057 
1.9952623149688788 0.1 0.4500000000000013 0.4 0.001 -1.3 -1.252 3.7499999999999956 0.25 25.916666666666647 
1.9952623149688788 0.1 0.4500000000000013 2.75 0.001 -0.18400000000000016 1.0789999999999997 0.038796516231195864 0.06254948535233551 0.07680126682502013 
1.9952623149688788 0.1 0.5000000000000013 0.45 0.001 -1.278 -1.261 13.058823529411667 0.3529411764705859 71.58823529411713 
1.9952623149688788 0.1 0.5000000000000013 2.7 0.001 -0.18400000000000016 1.0499999999999998 0.02025931928687225 0.1320907617504054 0.034035656401944746 
1.9952623149688788 0.1 0.5500000000000014 2.6500000000000004 0.001 -0.18400000000000016 1.021 0.014107883817427674 0.1701244813278009 0.011618257261410246 
1.9952623149688788 0.1 0.8500000000000016 0.75 0.001 -1.076 -1.058 3.2222222222222223 6.388888888888895 60.1666666666666 
1.9952623149688788 0.1 0.9000000000000017 0.8 0.001 -1.035 -1.025 6.300000000000011 11.699999999999989 104.79999999999987 
1.9952623149688788 0.1 0.9500000000000017 0.8500000000000001 0.001 -0.9889999999999999 -0.9790000000000001 4.600000000000124 13.100000000000257 101.10000000000217 
1.9952623149688788 0.1 1.0000000000000018 0.75 0.001 -1.075 -1.071 30.999999999999943 6.2499999999999725 282.9999999999998 
1.9952623149688788 0.31622776601683794 -0.0999999999999992 0.0 0.001 -1.3399999999999999 -1.167 0.4797687861271692 8.421965317919085 0.040462427745662895 
1.9952623149688788 0.31622776601683794 -0.049999999999999156 0.05 0.001 -1.167 -1.0939999999999999 18.369863013698584 1.8904109589041098 0.7945205479452012 
1.9952623149688788 0.31622776601683794 -0.049999999999999156 0.1 0.001 -1.164 -1.162 687.4999999999994 92.99999999999989 15.500000000000055 
1.9952623149688788 0.31622776601683794 -0.049999999999999156 0.35000000000000003 0.001 -1.2089999999999999 0.10999999999999988 0.10462471569370764 0.03335860500379079 0.0697498104624713 
1.9952623149688788 0.31622776601683794 -0.049999999999999156 0.4 0.001 -1.194 0.09799999999999986 0.05108359133126957 0.1756965944272445 0.002321981424148695 
1.9952623149688788 0.31622776601683794 -0.049999999999999156 2.75 0.001 -0.3919999999999999 -0.3820000000000001 21.10000000000048 7.100000000000124 129.80000000000283 
1.9952623149688788 0.31622776601683794 -0.049999999999999156 3.0500000000000003 0.001 -0.43299999999999983 -0.3959999999999999 4.783783783783795 37.081081081081166 0.27027027027026507 
1.9952623149688788 0.31622776601683794 8.881784197001252e-16 0.15000000000000002 0.001 -1.168 0.0009999999999998899 0.21385799828913604 0.11291702309666393 0.04533789563729679 
1.9952623149688788 0.31622776601683794 0.05000000000000093 3.0 0.001 -0.3929999999999998 -0.3879999999999999 147.40000000000316 149.2000000000031 14.200000000000426 
1.9952623149688788 0.31622776601683794 0.10000000000000098 0.0 0.001 -1.3399999999999999 -1.167 0.4797687861271692 8.421965317919085 0.040462427745662895 
1.9952623149688788 0.31622776601683794 0.10000000000000098 0.1 0.001 -1.302 -1.222 4.674999999999997 1.45 14.312499999999988 
1.9952623149688788 0.31622776601683794 0.10000000000000098 0.15000000000000002 0.001 -1.305 -1.176 1.5891472868217043 2.3875968992248082 8.465116279069768 
1.9952623149688788 0.31622776601683794 0.10000000000000098 3.0 0.001 -0.42700000000000005 0.702 0.19397697077059373 0.23117803365810463 0.11337466784765289 
1.9952623149688788 0.31622776601683794 0.10000000000000098 3.0500000000000003 0.001 -0.41000000000000014 0.7130000000000001 0.14247551202137143 0.32235084594835267 0.05253784505788081 
1.9952623149688788 0.31622776601683794 0.15000000000000102 0.2 0.001 -1.167 -0.9529999999999998 0.8971962616822409 0.1401869158878515 5.54205607476635 
1.9952623149688788 0.31622776601683794 0.2500000000000011 0.35000000000000003 0.001 -1.137 -1.1219999999999999 28.999999999999762 0.2666666666666647 76.19999999999935 
1.9952623149688788 0.31622776601683794 0.2500000000000011 2.8000000000000003 0.001 -0.45999999999999996 0.6990000000000003 0.009490940465918614 0.3425366695427094 0.025021570319240644 
1.9952623149688788 0.31622776601683794 0.30000000000000115 0.4 0.001 -1.125 -1.1179999999999999 56.57142857142761 2.857142857142812 165.42857142856866 
1.9952623149688788 0.31622776601683794 0.30000000000000115 2.75 0.001 -0.45699999999999985 0.7149999999999999 0.026450511945392618 0.3054607508532425 0.017064846416381892 
1.9952623149688788 0.31622776601683794 0.3500000000000012 2.7 0.001 -0.45399999999999974 0.7229999999999999 0.04248088360237917 0.2761257434154629 0.010195412064571334 
1.9952623149688788 0.31622776601683794 0.40000000000000124 2.6500000000000004 0.001 -0.44999999999999973 0.7240000000000002 0.058773424190800644 0.2512776831345826 0.005110732538330688 
1.9952623149688788 1.0 -0.1999999999999993 0.45 0.001 -0.8620000000000001 0.3679999999999999 0.13495934959349623 0.15284552845528432 0.032520325203252064 
1.9952623149688788 1.0 -0.1999999999999993 2.7 0.001 -0.7599999999999998 -0.6869999999999998 1.5753424657534225 2.698630136986304 16.972602739726035 
1.9952623149688788 1.0 -0.14999999999999925 0.4 0.001 -0.8689999999999998 0.3240000000000003 0.07544006705783726 0.297569153394803 0.0067057837384744395 
1.9952623149688788 1.0 -0.14999999999999925 2.75 0.001 -0.7749999999999999 -0.7549999999999999 16.199999999999978 5.0499999999999945 59.99999999999996 
1.9952623149688788 1.0 -0.0999999999999992 0.05 0.001 -0.778 -0.7469999999999999 43.87096774193528 5.6774193548386895 3.8387096774193306 
1.9952623149688788 1.0 -0.0999999999999992 0.30000000000000004 0.001 -0.8660000000000001 0.29600000000000026 0.06970740103270218 0.2882960413080894 0.05679862306368315 
1.9952623149688788 1.0 -0.0999999999999992 2.8000000000000003 0.001 -0.7869999999999999 -0.7850000000000001 238.50000000002643 22.000000000002444 566.5000000000624 
1.9952623149688788 1.0 -0.0999999999999992 2.85 0.001 -0.7770000000000001 -0.6890000000000001 3.3181818181818183 1.0681818181818157 13.272727272727263 
1.9952623149688788 1.0 -0.0999999999999992 3.1 0.001 -0.9100000000000001 -0.786 1.2903225806451613 10.991935483870957 0.3225806451612903 
1.9952623149688788 1.0 -0.049999999999999156 0.1 0.001 -0.782 -0.73 21.057692307692292 8.59615384615384 1.5192307692307627 
1.9952623149688788 1.0 -0.049999999999999156 0.15000000000000002 0.001 -0.7909999999999999 -0.7879999999999998 358.6666666666531 167.33333333332692 34.666666666665385 
1.9952623149688788 1.0 -0.049999999999999156 0.2 0.001 -0.8180000000000001 0.22999999999999998 0.042938931297709856 0.3530534351145039 0.13072519083969467 
1.9952623149688788 1.0 -0.049999999999999156 0.25 0.001 -0.8399999999999999 0.18900000000000006 0.015549076773566584 0.5325558794946551 0.030126336248785364 
1.9952623149688788 1.0 -0.049999999999999156 2.9000000000000004 0.001 -0.7829999999999999 -0.7389999999999999 11.954545454545439 0.4090909090909141 23.454545454545435 
1.9952623149688788 1.0 -0.049999999999999156 2.95 0.001 -0.782 -0.617 1.9575757575757569 0.3333333333333342 6.38181818181818 
1.9952623149688788 1.0 -0.049999999999999156 3.0 0.001 -0.895 -0.7930000000000001 4.843137254901969 10.578431372549035 0.08823529411764616 
1.9952623149688788 1.0 -0.049999999999999156 3.0500000000000003 0.001 -0.8879999999999999 -0.8180000000000001 6.257142857142874 15.685714285714319 0.9000000000000045 
1.9952623149688788 1.0 8.881784197001252e-16 0.15000000000000002 0.001 -0.7829999999999999 -0.7010000000000001 8.548780487804894 8.548780487804894 1.0 
1.9952623149688788 1.0 8.881784197001252e-16 0.2 0.001 -0.7890000000000001 -0.7749999999999999 55.35714285714192 55.35714285714192 1.0 
1.9952623149688788 1.0 8.881784197001252e-16 2.95 0.001 -0.7869999999999999 -0.7650000000000001 34.7727272727276 34.7727272727276 1.0 
1.9952623149688788 1.0 8.881784197001252e-16 3.0 0.001 -0.7829999999999999 -0.685 6.989795918367357 6.989795918367357 1.0 
1.9952623149688788 1.0 0.05000000000000093 0.1 0.001 -0.891 -0.8119999999999998 5.658227848101253 13.860759493670852 0.6582278481012649 
1.9952623149688788 1.0 0.05000000000000093 0.15000000000000002 0.001 -0.8940000000000001 -0.79 4.826923076923075 10.346153846153838 0.028846153846150642 
1.9952623149688788 1.0 0.05000000000000093 0.2 0.001 -0.782 -0.645 2.7007299270072997 0.32846715328467097 7.64963503649635 
1.9952623149688788 1.0 0.05000000000000093 0.25 0.001 -0.7839999999999998 -0.7530000000000001 17.677419354838886 0.51612903225807 33.193548387097096 
1.9952623149688788 1.0 0.05000000000000093 2.9000000000000004 0.001 -0.8369999999999997 0.19500000000000028 0.017441860465116078 0.50968992248062 0.042635658914728716 
1.9952623149688788 1.0 0.05000000000000093 2.95 0.001 -0.8140000000000001 0.23899999999999988 0.05223171889838572 0.3067426400759734 0.15669515669515674 
1.9952623149688788 1.0 0.05000000000000093 3.0 0.001 -0.7890000000000001 -0.7799999999999998 119.88888888888431 54.88888888888683 11.33333333333289 
1.9952623149688788 1.0 0.05000000000000093 3.0500000000000003 0.001 -0.7810000000000001 -0.718 17.42857142857138 6.952380952380937 1.1111111111111056 
1.9952623149688788 1.0 0.10000000000000098 0.05 0.001 -0.9079999999999999 -0.7890000000000001 1.4789915966386595 11.42857142857145 0.26050420168067395 
1.9952623149688788 1.0 0.10000000000000098 0.30000000000000004 0.001 -0.778 -0.7119999999999997 5.075757575757554 1.2272727272727215 17.60606060606053 
1.9952623149688788 1.0 0.10000000000000098 2.8000000000000003 0.001 -0.8689999999999998 0.26400000000000023 0.03883495145631071 0.42100617828773157 0.0017652250661957455 
1.9952623149688788 1.0 0.10000000000000098 2.85 0.001 -0.8649999999999998 0.30299999999999994 0.0804794520547948 0.24999999999999992 0.07534246575342474 
1.9952623149688788 1.0 0.10000000000000098 3.1 0.001 -0.7770000000000001 -0.7370000000000001 34.07499999999997 4.0 3.1 
1.9952623149688788 1.0 0.15000000000000102 0.4 0.001 -0.7770000000000001 -0.7690000000000001 44.37499999999996 11.250000000000028 149.1249999999999 
1.9952623149688788 1.0 0.15000000000000102 2.75 0.001 -0.8700000000000001 0.33000000000000007 0.08416666666666664 0.26999999999999985 0.01666666666666668 
1.9952623149688788 1.0 0.20000000000000107 0.45 0.001 -0.762 -0.722 4.7 4.149999999999994 30.74999999999997 
1.9952623149688788 1.0 0.20000000000000107 2.7 0.001 -0.8639999999999999 0.375 0.15899919289749806 0.09281678773204215 0.058918482647296176 
0.7943282347242812 0.03162277660168379 8.881784197001252e-16 0.6000000000000001 0.01 -0.04899999999999993 0.008999999999999897 6.155172413793125 2.1206896551724164 0.8448275862069056 
0.7943282347242812 0.03162277660168379 0.05000000000000093 0.5 0.01 -0.10099999999999998 0.02300000000000013 0.4596774193548378 3.330645161290318 0.3548387096774194 
0.7943282347242812 0.03162277660168379 0.05000000000000093 2.6500000000000004 0.01 -0.5390000000000001 -0.48199999999999976 7.122807017543806 0.8421052631578898 2.2807017543859476 
0.7943282347242812 0.1 -0.4499999999999995 1.35 0.01 -0.48999999999999977 -0.4039999999999999 0.7441860465116298 3.9302325581395423 7.313953488372105 
0.7943282347242812 0.1 -0.39999999999999947 1.4500000000000002 0.01 -0.5369999999999999 -0.43299999999999983 0.548076923076922 3.6346153846153824 5.173076923076916 
0.7943282347242812 0.1 -0.39999999999999947 1.5 0.01 -0.512 -0.40700000000000003 3.8857142857142857 4.790476190476192 0.1809523809523822 
0.7943282347242812 0.1 -0.39999999999999947 1.55 0.01 -0.508 -0.43999999999999995 6.4705882352941115 6.882352941176464 0.6617647058823513 
0.7943282347242812 0.1 -0.39999999999999947 1.6 0.01 -0.5139999999999998 -0.47399999999999975 11.849999999999984 10.849999999999994 1.8499999999999945 
0.7943282347242812 0.1 -0.39999999999999947 1.6500000000000001 0.01 -0.5259999999999998 -0.5099999999999998 31.812499999999964 25.18749999999998 6.874999999999986 
0.7943282347242812 0.1 -0.39999999999999947 1.7000000000000002 0.01 -0.5449999999999999 -0.0019999999999997797 0.6869244935543272 0.09576427255985273 0.20441988950276277 
0.7943282347242812 0.1 -0.3499999999999994 1.4000000000000001 0.01 -0.32899999999999974 -0.32099999999999973 40.749999999999915 67.24999999999997 2.1249999999999862 
0.7943282347242812 0.1 -0.3499999999999994 1.4500000000000002 0.01 -0.36499999999999977 -0.34799999999999986 20.647058823529527 29.529411764706037 2.588235294117664 
0.7943282347242812 0.1 -0.3499999999999994 1.5 0.01 -0.40700000000000003 -0.3759999999999999 12.193548387096723 15.032258064516054 2.4516129032257976 
0.7943282347242812 0.1 -0.3499999999999994 1.6500000000000001 0.01 -0.544 -0.47399999999999975 6.742857142857115 5.328571428571403 0.39999999999999875 
0.7943282347242812 0.1 -0.3499999999999994 1.7000000000000002 0.01 -0.5510000000000002 -0.5110000000000001 12.674999999999992 8.674999999999992 0.4 
0.7943282347242812 0.1 -0.3499999999999994 1.75 0.01 -0.5619999999999998 -0.5499999999999998 45.41666666666662 26.833333333333314 0.5833333333333426 
0.7943282347242812 0.1 -0.2999999999999994 1.5 0.01 -0.34499999999999975 0.0030000000000001137 1.221264367816092 0.13218390804597782 0.3591954022988507 
0.7943282347242812 0.1 -0.2999999999999994 1.55 0.01 -0.3820000000000001 -0.371 33.818181818181436 35.909090909090516 2.0 
0.7943282347242812 0.1 -0.2999999999999994 1.6 0.01 -0.42600000000000016 -0.4009999999999998 15.999999999999769 14.679999999999792 0.35999999999999077 
0.7943282347242812 0.1 -0.2999999999999994 1.6500000000000001 0.01 -0.5909999999999997 -0.48599999999999977 0.5047619047619042 4.095238095238093 3.2761904761904797 
0.7943282347242812 0.1 -0.24999999999999933 1.4000000000000001 0.01 -0.2589999999999999 0.008999999999999897 1.6417910447761221 0.17910447761193893 0.41791044776119474 
0.7943282347242812 0.1 -0.24999999999999933 1.4500000000000002 0.01 -0.28100000000000014 0.007000000000000117 1.4166666666666652 0.06250000000000078 0.680555555555554 
0.7943282347242812 0.1 -0.24999999999999933 1.7000000000000002 0.01 -0.6299999999999999 -0.4419999999999997 0.1170212765957435 2.196808510638295 1.5106382978723405 
0.7943282347242812 0.1 -0.24999999999999933 1.75 0.01 -0.605 -0.5129999999999999 0.6304347826086932 4.836956521739129 2.8913043478260847 
0.7943282347242812 0.1 -0.1999999999999993 1.3 0.01 -0.19499999999999984 0.016999999999999904 2.1226415094339655 0.259433962264152 0.4622641509433961 
0.7943282347242812 0.1 -0.1999999999999993 1.35 0.01 -0.20999999999999996 0.014000000000000234 1.8526785714285698 0.05803571428571379 0.915178571428571 
0.7943282347242812 0.1 -0.1999999999999993 1.8 0.01 -0.6440000000000001 -0.45299999999999985 0.09424083769633386 2.198952879581148 1.1675392670157068 
0.7943282347242812 0.1 -0.1999999999999993 1.85 0.01 -0.617 -0.5459999999999998 1.014084507042252 6.422535211267589 2.9577464788732315 
0.7943282347242812 0.1 -0.14999999999999925 1.2000000000000002 0.01 -0.14500000000000002 0.02499999999999991 2.6764705882352957 0.47058823529411825 0.40588235294117636 
0.7943282347242812 0.1 -0.14999999999999925 1.9000000000000001 0.01 -0.6440000000000001 -0.45799999999999974 0.07526881720429979 2.263440860215048 0.9516129032258047 
0.7943282347242812 0.1 -0.0999999999999992 1.0 0.01 -0.10499999999999998 -0.08000000000000007 4.72000000000003 23.120000000000076 1.4400000000000064 
0.7943282347242812 0.1 -0.0999999999999992 1.05 0.01 -0.10999999999999988 -0.08699999999999974 5.3043478260869215 22.391304347825965 3.9999999999999614 
0.7943282347242812 0.1 -0.0999999999999992 1.1 0.01 -0.1160000000000001 -0.09499999999999975 6.0476190476189355 21.80952380952345 7.047619047618915 
0.7943282347242812 0.1 -0.0999999999999992 1.1500000000000001 0.01 -0.12199999999999989 -0.10299999999999976 6.894736842105205 21.78947368421039 10.789473684210458 
0.7943282347242812 0.1 -0.0999999999999992 1.2000000000000002 0.01 -0.129 -0.1120000000000001 8.05882352941181 21.47058823529425 16.647058823529502 
0.7943282347242812 0.1 -0.0999999999999992 1.9500000000000002 0.01 -0.6699999999999999 -0.39800000000000013 1.3676470588235317 0.5036764705882357 0.062499999999999695 
0.7943282347242812 0.1 -0.0999999999999992 2.0 0.01 -0.6440000000000001 -0.44700000000000006 2.1218274111675126 0.6649746192893388 0.09644670050761484 
0.7943282347242812 0.1 -0.0999999999999992 2.0500000000000003 0.01 -0.6379999999999999 -0.4990000000000001 3.359712230215833 0.9064748201438855 0.15107913669065023 
0.7943282347242812 0.1 -0.0999999999999992 2.1 0.01 -0.6429999999999998 -0.5609999999999999 6.414634146341473 1.4756097560975636 0.2804878048780509 
0.7943282347242812 0.1 -0.0999999999999992 2.15 0.01 -0.6539999999999999 -0.6269999999999998 21.814814814814703 4.333333333333312 0.925925925925918 
0.7943282347242812 0.1 -0.049999999999999156 0.9 0.01 -0.09600000000000009 -0.029999999999999805 0.9696969696969664 9.378787878787836 0.1666666666666678 
0.7943282347242812 0.1 -0.049999999999999156 0.9500000000000001 0.01 -0.09899999999999975 -0.03399999999999981 1.0 8.323076923076929 1.215384615384619 
0.7943282347242812 0.1 -0.049999999999999156 1.0 0.01 -0.10099999999999998 -0.039000000000000146 1.0806451612903283 7.53225806451615 2.4193548387096824 
0.7943282347242812 0.1 -0.049999999999999156 1.05 0.01 -0.10400000000000009 -0.04400000000000004 1.1499999999999981 6.749999999999998 3.566666666666663 
0.7943282347242812 0.1 -0.049999999999999156 1.1 0.01 -0.1080000000000001 -0.04999999999999982 1.2413793103448227 5.982758620689626 5.137931034482735 
0.7943282347242812 0.1 -0.049999999999999156 1.1500000000000001 0.01 -0.11099999999999977 -0.05600000000000005 1.3818181818181903 5.527272727272761 6.563636363636394 
0.7943282347242812 0.1 -0.049999999999999156 1.5 0.01 -0.14800000000000013 -0.11799999999999988 4.0333333333332995 5.166666666666617 0.4666666666666706 
0.7943282347242812 0.1 -0.049999999999999156 1.55 0.01 -0.1549999999999998 -0.13099999999999978 5.499999999999981 5.874999999999996 0.8750000000000139 
0.7943282347242812 0.1 -0.049999999999999156 1.6 0.01 -0.16400000000000015 -0.14500000000000002 7.578947368421009 6.842105263157843 1.315789473684197 
0.7943282347242812 0.1 -0.049999999999999156 1.6500000000000001 0.01 -0.17399999999999993 -0.16000000000000014 11.14285714285732 8.571428571428708 2.2142857142857575 
0.7943282347242812 0.1 -0.049999999999999156 2.0 0.01 -0.6840000000000002 -0.33099999999999996 0.881019830028328 0.21246458923512787 0.1558073654390926 
0.7943282347242812 0.1 -0.049999999999999156 2.0500000000000003 0.01 -0.6619999999999999 -0.3780000000000001 1.2500000000000009 0.25352112676056376 0.20422535211267714 
0.7943282347242812 0.1 -0.049999999999999156 2.15 0.01 -0.645 -0.5070000000000001 3.463768115942033 0.4855072463768132 0.4565217391304331 
0.7943282347242812 0.1 -0.049999999999999156 2.2 0.01 -0.653 -0.585 8.132352941176462 0.9705882352941209 0.9411764705882287 
0.7943282347242812 0.1 8.881784197001252e-16 0.9500000000000001 0.01 -0.10000000000000009 0.03500000000000014 2.688888888888884 1.4222222222222178 0.41481481481481447 
0.7943282347242812 0.1 0.05000000000000093 0.8500000000000001 0.01 -0.10999999999999988 0.1160000000000001 0.7168141592920351 1.2035398230088508 0.41592920353982243 
0.7943282347242812 0.1 0.05000000000000093 2.25 0.01 -0.6440000000000001 -0.6360000000000001 53.74999999999997 7.5 31.624999999999986 
0.7943282347242812 0.1 0.15000000000000102 0.6000000000000001 0.01 -0.21499999999999986 0.1030000000000002 1.0377358490566038 0.11320754716981 0.566037735849057 
0.7943282347242812 0.1 0.20000000000000107 0.5 0.01 -0.31800000000000006 0.1070000000000002 0.7717647058823521 0.12000000000000029 0.39294117647058757 
0.7943282347242812 0.1 0.20000000000000107 2.6500000000000004 0.01 -0.6619999999999999 -0.45799999999999974 0.15686274509803705 1.5588235294117636 2.102941176470588 
0.7943282347242812 0.31622776601683794 -0.3499999999999994 1.3 0.01 -0.7959999999999998 -0.5819999999999999 0.40186915887850405 2.542056074766356 4.294392523364487 
0.7943282347242812 0.31622776601683794 -0.3499999999999994 1.35 0.01 -0.758 -0.6779999999999999 1.75 7.224999999999992 11.212499999999993 
0.7943282347242812 0.31622776601683794 -0.3499999999999994 1.8 0.01 -0.9430000000000001 -0.040999999999999925 0.6341463414634146 0.13858093126385806 0.12638580931263843 
0.7943282347242812 0.31622776601683794 -0.2999999999999994 1.4000000000000001 0.01 -0.8010000000000002 -0.6400000000000001 0.6832298136645981 3.48447204968944 5.1677018633540355 
0.7943282347242812 0.31622776601683794 -0.2999999999999994 1.55 0.01 -0.7559999999999998 -0.6819999999999999 9.27027027027029 9.79729729729732 0.48648648648648796 
0.7943282347242812 0.31622776601683794 -0.2999999999999994 1.6 0.01 -0.7669999999999999 -0.738 25.275862068965594 23.37931034482765 2.8275862068965547 
0.7943282347242812 0.31622776601683794 -0.2999999999999994 1.75 0.01 -0.8700000000000001 -0.028000000000000025 0.6532066508313542 0.11995249406175769 0.223277909738717 
0.7943282347242812 0.31622776601683794 -0.24999999999999933 1.5 0.01 -0.7829999999999999 -0.5630000000000002 2.6181818181818213 3.2409090909090947 0.24090909090909088 
0.7943282347242812 0.31622776601683794 -0.24999999999999933 1.55 0.01 -0.7719999999999998 -0.617 4.006451612903231 4.270967741935489 0.6838709677419383 
0.7943282347242812 0.31622776601683794 -0.24999999999999933 1.6 0.01 -0.7730000000000001 -0.6760000000000002 6.927835051546395 6.309278350515466 1.7010309278350524 
0.7943282347242812 0.31622776601683794 -0.24999999999999933 1.7000000000000002 0.01 -0.7970000000000002 -0.02300000000000013 0.6834625322997421 0.10723514211886272 0.3204134366925067 
0.7943282347242812 0.31622776601683794 -0.1999999999999993 1.4000000000000001 0.01 -0.44999999999999973 -0.40200000000000014 8.979166666666742 15.729166666666805 0.39583333333333004 
0.7943282347242812 0.31622776601683794 -0.1999999999999993 1.4500000000000002 0.01 -0.4990000000000001 -0.44300000000000006 8.267857142857137 12.446428571428562 1.3214285714285674 
0.7943282347242812 0.31622776601683794 -0.1999999999999993 1.7000000000000002 0.01 -0.7919999999999998 -0.7279999999999998 11.03124999999999 7.156249999999989 0.8281249999999982 
0.7943282347242812 0.31622776601683794 -0.1999999999999993 1.75 0.01 -0.8050000000000002 -0.7949999999999999 76.49999999999825 42.599999999998985 4.59999999999992 
0.7943282347242812 0.31622776601683794 -0.14999999999999925 1.35 0.01 -0.34899999999999975 -0.2919999999999998 5.684210526315793 13.035087719298257 0.6140350877193014 
0.7943282347242812 0.31622776601683794 -0.14999999999999925 1.4000000000000001 0.01 -0.379 -0.32499999999999973 6.481481481481443 12.499999999999943 1.8518518518518443 
0.7943282347242812 0.31622776601683794 -0.14999999999999925 1.4500000000000002 0.01 -0.41500000000000004 -0.3620000000000001 7.150943396226424 11.471698113207562 3.2452830188679314 
0.7943282347242812 0.31622776601683794 -0.14999999999999925 1.5 0.01 -0.4590000000000001 -0.4039999999999999 7.527272727272708 9.945454545454512 4.490909090909084 
0.7943282347242812 0.31622776601683794 -0.14999999999999925 1.6500000000000001 0.01 -0.802 -0.5680000000000001 2.3803418803418803 1.7435897435897452 0.23076923076923003 
0.7943282347242812 0.31622776601683794 -0.14999999999999925 1.7000000000000002 0.01 -0.7970000000000002 -0.6379999999999999 3.8930817610062816 2.358490566037732 0.3333333333333352 
0.7943282347242812 0.31622776601683794 -0.14999999999999925 1.75 0.01 -0.8010000000000002 -0.7119999999999997 7.707865168539289 3.8764044943820015 0.6179775280898866 
0.7943282347242812 0.31622776601683794 -0.14999999999999925 1.8 0.01 -0.8130000000000002 -0.7879999999999998 30.199999999999566 12.799999999999812 2.319999999999978 
0.7943282347242812 0.31622776601683794 -0.0999999999999992 1.3 0.01 -0.2749999999999999 -0.16800000000000015 1.8317757009345852 6.831775700934593 0.52336448598131 
0.7943282347242812 0.31622776601683794 -0.0999999999999992 1.35 0.01 -0.29400000000000004 -0.19499999999999984 2.202020202020197 6.545454545454533 1.3636363636363587 
0.7943282347242812 0.31622776601683794 -0.0999999999999992 1.4000000000000001 0.01 -0.31599999999999984 -0.22599999999999998 2.700000000000003 6.322222222222232 2.4333333333333407 
0.7943282347242812 0.31622776601683794 -0.0999999999999992 1.75 0.01 -0.8050000000000002 -0.6000000000000001 2.8390243902439027 1.1658536585365844 0.443902439024391 
0.7943282347242812 0.31622776601683794 -0.0999999999999992 1.8 0.01 -0.8069999999999999 -0.6859999999999999 5.471074380165288 1.768595041322314 0.8264462809917363 
0.7943282347242812 0.31622776601683794 -0.0999999999999992 1.85 0.01 -0.8170000000000002 -0.7730000000000001 16.9090909090909 4.363636363636363 2.477272727272725 
0.7943282347242812 0.31622776601683794 -0.049999999999999156 1.4000000000000001 0.01 -0.2589999999999999 0.07200000000000006 1.084592145015106 0.3293051359516616 0.8549848942598186 
0.7943282347242812 0.31622776601683794 -0.049999999999999156 1.4500000000000002 0.01 -0.27700000000000014 0.07600000000000007 0.7818696883852682 0.2747875354107659 1.1784702549575061 
0.7943282347242812 0.31622776601683794 -0.049999999999999156 1.55 0.01 -0.32499999999999973 -0.11799999999999988 1.0338164251207735 0.49758454106280325 0.7342995169082116 
0.7943282347242812 0.31622776601683794 -0.049999999999999156 1.6 0.01 -0.3580000000000001 -0.21700000000000008 0.8794326241134759 1.539007092198582 1.3900709219858167 
0.7943282347242812 0.31622776601683794 -0.049999999999999156 1.7000000000000002 0.01 -0.8580000000000001 -0.46099999999999985 0.24181360201511343 0.7304785894206546 0.876574307304785 
0.7943282347242812 0.31622776601683794 8.881784197001252e-16 1.3 0.01 -0.18999999999999995 0.18300000000000027 0.5201072386058977 0.5361930294906155 0.6353887399463806 
0.7943282347242812 0.31622776601683794 0.20000000000000107 0.9 0.01 -0.16400000000000015 -0.1509999999999998 45.15384615384494 12.846153846153525 15.769230769230356 
0.7943282347242812 0.31622776601683794 0.20000000000000107 0.9500000000000001 0.01 -0.15200000000000014 -0.1259999999999999 12.038461538461432 13.538461538461405 9.730769230769143 
0.7943282347242812 0.31622776601683794 0.20000000000000107 2.15 0.01 -0.786 -0.6259999999999999 2.949999999999997 1.6374999999999986 0.2187500000000007 
0.7943282347242812 0.31622776601683794 0.20000000000000107 2.2 0.01 -0.794 -0.52 1.1861313868613144 1.1861313868613128 0.08759124087591248 
0.7943282347242812 0.31622776601683794 0.20000000000000107 2.25 0.01 -0.8159999999999998 -0.5630000000000002 0.5652173913043496 2.2766798418972365 0.03952569169960395 
0.7943282347242812 1.0 -0.14999999999999925 1.2000000000000002 0.01 -1.01 -0.45199999999999996 0.3261648745519712 0.46057347670250914 0.1810035842293906 
0.7943282347242812 1.0 -0.14999999999999925 1.25 0.01 -0.9779999999999998 -0.524 0.37885462555066135 0.7334801762114536 0.2246696035242299 
0.7943282347242812 1.0 -0.14999999999999925 1.3 0.01 -0.9180000000000001 -0.6459999999999999 0.7316176470588223 1.555147058823528 0.3713235294117643 
0.7943282347242812 1.0 -0.14999999999999925 1.5 0.01 -0.9089999999999998 -0.8929999999999998 53.12499999999993 6.187500000000007 60.74999999999997 
0.7943282347242812 1.0 -0.14999999999999925 1.6500000000000001 0.01 -1.033 -0.05699999999999994 0.1014344262295084 0.8565573770491802 0.02868852459016396 
0.7943282347242812 1.0 -0.14999999999999925 1.85 0.01 -0.07799999999999985 0.02300000000000013 4.029702970297031 1.861386138613859 3.0594059405940617 
0.7943282347242812 1.0 -0.14999999999999925 1.9000000000000001 0.01 -0.08299999999999974 0.018000000000000238 3.1584158415841586 1.7128712871287137 4.7128712871287135 
0.7943282347242812 1.0 -0.14999999999999925 1.9500000000000002 0.01 -0.08899999999999997 0.01200000000000001 2.4158415841584184 1.8415841584158414 5.633663366336634 
0.7943282347242812 1.0 -0.0999999999999992 1.4500000000000002 0.01 -0.899 -0.605 1.5374149659863943 0.9047619047619047 3.1258503401360542 
0.7943282347242812 1.0 -0.0999999999999992 1.5 0.01 -0.9020000000000001 -0.766 4.632352941176466 1.8529411764705883 6.441176470588228 
0.7943282347242812 1.0 -0.0999999999999992 1.55 0.01 -0.9140000000000001 -0.8879999999999999 29.307692307692033 9.461538461538373 31.61538461538432 
0.7943282347242812 1.0 -0.0999999999999992 1.6 0.01 -0.9510000000000001 -0.1200000000000001 0.29723225030084277 0.8941034897713597 0.04933814681107091 
0.7943282347242812 1.0 -0.0999999999999992 1.6500000000000001 0.01 -1.0 -0.11499999999999977 0.28587570621468883 0.6813559322033899 0.1807909604519775 
0.7943282347242812 1.0 -0.0999999999999992 1.7000000000000002 0.01 -1.037 -0.11299999999999999 0.29220779220779225 0.4512987012987016 0.3528138528138524 
0.7943282347242812 1.0 -0.049999999999999156 1.4500000000000002 0.01 -0.9119999999999999 -0.6069999999999998 1.016393442622949 1.6065573770491801 2.6295081967213103 
0.7943282347242812 1.0 0.05000000000000093 1.4500000000000002 0.01 -0.9950000000000001 -0.19300000000000006 0.6109725685785539 0.3865336658354115 0.3802992518703238 
0.7943282347242812 1.0 0.10000000000000098 1.4500000000000002 0.01 -1.032 -0.11299999999999999 0.28944504896626766 0.49183895538628936 0.3199129488574538 
0.7943282347242812 1.0 0.10000000000000098 1.5 0.01 -0.992 -0.1160000000000001 0.28767123287671265 0.7180365296803654 0.15639269406392697 
0.7943282347242812 1.0 0.10000000000000098 1.55 0.01 -0.9430000000000001 -0.1200000000000001 0.298906439854192 0.9258809234507899 0.0315917375455653 
0.7943282347242812 1.0 0.10000000000000098 1.6 0.01 -0.911 -0.8700000000000001 18.121951219512237 6.024390243902447 20.268292682926866 
0.7943282347242812 1.0 0.10000000000000098 1.6500000000000001 0.01 -0.9009999999999998 -0.7410000000000001 3.7687500000000083 1.5812500000000036 5.531250000000009 
0.7943282347242812 1.0 0.10000000000000098 1.7000000000000002 0.01 -0.8999999999999999 -0.5749999999999997 1.2861538461538446 0.8307692307692304 2.8430769230769215 
0.7943282347242812 1.0 0.15000000000000102 1.2000000000000002 0.01 -0.08800000000000008 0.0129999999999999 2.5445544554455464 1.8019801980198018 5.524752475247524 
0.7943282347242812 1.0 0.15000000000000102 1.25 0.01 -0.08299999999999974 0.019000000000000128 3.264705882352943 1.6862745098039253 4.45098039215687 
0.7943282347242812 1.0 0.15000000000000102 1.3 0.01 -0.07699999999999996 0.02400000000000002 4.198019801980198 1.9702970297029736 2.683168316831683 
0.7943282347242812 1.0 0.15000000000000102 1.5 0.01 -1.028 -0.05600000000000005 0.10185185185185205 0.874485596707819 0.016460905349794254 
0.7943282347242812 1.0 0.15000000000000102 1.6500000000000001 0.01 -0.9060000000000001 -0.8780000000000001 29.85714285714284 3.535714285714274 34.85714285714284 
0.7943282347242812 1.0 0.15000000000000102 1.85 0.01 -0.927 -0.6189999999999998 0.6136363636363619 1.3214285714285703 0.32792207792207756 
0.7943282347242812 1.0 0.15000000000000102 1.9000000000000001 0.01 -0.9859999999999998 -0.5099999999999998 0.36134453781512543 0.6722689075630258 0.2121848739495798 
0.7943282347242812 1.0 0.15000000000000102 1.9500000000000002 0.01 -1.011 -0.4419999999999997 0.3251318101933208 0.43057996485061517 0.17750439367311063 
2.5118864315095784 0.03162277660168379 0.10000000000000098 3.1 0.01 -0.07600000000000007 1.9619999999999997 0.034347399411187585 0.013248282630029508 0.026005888125613316 
2.5118864315095784 0.1 0.05000000000000093 3.1 0.01 -0.20999999999999996 1.7530000000000001 0.0708099847172696 0.02394294447274565 0.04279164544065187 
2.5118864315095784 0.1 0.10000000000000098 3.1 0.01 -0.21899999999999986 1.7679999999999998 0.056366381479617575 0.03422244589833946 0.035228988424760646 
2.5118864315095784 0.1 0.15000000000000102 3.0500000000000003 0.01 -0.22199999999999998 1.7620000000000005 0.05846774193548369 0.029233870967741844 0.038306451612903476 
2.5118864315095784 0.1 0.2500000000000011 3.0 0.01 -0.22299999999999986 1.798 0.02572983671449802 0.03908955962394841 0.032657100445324015 
2.5118864315095784 0.31622776601683794 -0.049999999999999156 0.15000000000000002 0.01 -1.652 0.3740000000000001 0.046396841066140115 0.023198420533070165 0.020236920039486638 
2.5118864315095784 0.31622776601683794 -0.049999999999999156 3.0 0.01 -0.5579999999999998 -0.516 1.4761904761904894 1.5952380952380958 48.52380952380973 
2.5118864315095784 0.31622776601683794 0.05000000000000093 0.05 0.01 -1.7269999999999999 -1.638 1.2022471910112362 1.9887640449438215 21.101123595505623 
2.5118864315095784 0.31622776601683794 0.05000000000000093 3.1 0.01 -0.5209999999999999 1.4169999999999998 0.040763673890609205 0.07997936016511836 0.03560371517027862 
2.5118864315095784 0.31622776601683794 0.10000000000000098 0.05 0.01 -1.716 -1.651 1.9692307692307727 2.2615384615384637 29.553846153846177 
2.5118864315095784 0.31622776601683794 0.10000000000000098 3.0500000000000003 0.01 -0.5539999999999998 1.3280000000000003 0.12221041445270964 0.03506907545164709 0.04941551540913967 
2.5118864315095784 0.31622776601683794 0.20000000000000107 0.15000000000000002 0.01 -1.697 -1.6179999999999999 1.164556962025312 1.9367088607594896 24.594936708860708 
2.5118864315095784 1.0 -0.0999999999999992 0.1 0.01 -1.1099999999999999 0.8360000000000003 0.04162384378211714 0.09403905447070882 0.02158273381295 
2.5118864315095784 1.0 -0.049999999999999156 3.0500000000000003 0.01 -1.154 -1.075 0.8860759493670899 3.189873417721518 23.354430379746855 
2.5118864315095784 1.0 0.05000000000000093 3.0500000000000003 0.01 -1.0919999999999999 0.7530000000000001 0.1365853658536584 0.037940379403794196 0.0428184281842817 
2.5118864315095784 1.0 0.10000000000000098 0.1 0.01 -1.142 -1.0999999999999999 4.357142857142854 1.928571428571426 46.33333333333329 
0.5011872336272721 0.03162277660168379 8.881784197001252e-16 0.4 0.001 -0.015000000000000124 0.004999999999999893 0.2 74.69999999999995 1.6500000000000166 
0.5011872336272721 0.03162277660168379 8.881784197001252e-16 2.75 0.001 -1.554 -1.4789999999999999 19.59999999999995 0.053333333333333253 0.2666666666666663 
0.5011872336272721 0.1 0.05000000000000093 0.65 0.001 -0.06599999999999984 0.06099999999999994 11.708661417322856 0.21259842519685182 0.14173228346456554 
0.5011872336272721 0.31622776601683794 -0.7499999999999998 1.55 0.001 -1.532 -1.3699999999999999 8.438271604938263 9.222222222222213 0.16049382716049793 
0.5011872336272721 0.31622776601683794 -0.1999999999999993 1.2000000000000002 0.001 -0.20699999999999985 0.03200000000000003 6.4811715481171595 0.3807531380753111 0.05439330543933387 
0.5011872336272721 0.31622776601683794 -0.14999999999999925 1.9500000000000002 0.001 -1.685 -1.679 17.666666666666668 256.1666666666664 35.333333333333336 
0.5011872336272721 0.31622776601683794 -0.0999999999999992 1.1500000000000001 0.001 -0.13099999999999978 0.03699999999999992 9.422619047619065 0.11904761904761672 0.2916666666666694 
0.5011872336272721 0.31622776601683794 -0.0999999999999992 2.0 0.001 -1.693 -1.676 4.882352941176432 91.5294117647052 9.764705882352864 
0.5011872336272721 0.31622776601683794 -0.049999999999999156 1.1 0.001 -0.08000000000000007 -0.07099999999999973 10.777777777777366 169.8888888888824 16.999999999999407 
0.5011872336272721 0.31622776601683794 -0.049999999999999156 1.1500000000000001 0.001 -0.08599999999999985 -0.08000000000000007 16.833333333333936 0.500000000000037 280.00000000001006 
0.5011872336272721 0.31622776601683794 -0.049999999999999156 2.0 0.001 -1.697 -0.02400000000000002 0.0017931858936043716 0.05977286312014351 0.0035863717872084777 
0.5011872336272721 0.31622776601683794 8.881784197001252e-16 1.1 0.001 -0.05799999999999983 0.04600000000000026 14.846153846153829 0.8653846153846132 0.11538461538461965 
0.5011872336272721 0.31622776601683794 8.881784197001252e-16 2.0500000000000003 0.001 -1.692 -1.655 1.1081081081081143 42.37837837837847 2.8108108108108194 
0.5011872336272721 0.31622776601683794 0.05000000000000093 2.1 0.001 -1.708 -1.562 9.82876712328768 0.6780821917808206 0.5410958904109605 
0.5011872336272721 0.31622776601683794 0.40000000000000124 2.3000000000000003 0.001 -1.65 -1.63 1.9499999999999944 0.1 84.49999999999993 
0.5011872336272721 1.0 -0.0999999999999992 1.5 0.001 -1.759 -1.752 18.285714285714576 232.85714285714636 0.4285714285713878 
0.5011872336272721 1.0 -0.049999999999999156 1.6 0.001 -1.806 -0.03699999999999992 0.041831543244770966 0.9355568117580555 0.03730921424533625 
0.5011872336272721 1.0 0.05000000000000093 1.6 0.001 -1.758 -1.692 25.075757575757553 1.1212121212121178 26.80303030303028 
0.5011872336272721 1.0 0.10000000000000098 1.5 0.001 -0.008999999999999897 -0.005999999999999783 543.3333333333126 42.66666666666509 2.333333333333432 
3.162277660168376 0.0031622776601683794 0.40000000000000124 3.0 0.001 -0.009999999999999787 2.7960000000000003 0.001781895937277225 0.00498930862437642 0.0021382751247324802 
3.162277660168376 0.03162277660168379 0.2500000000000011 3.0500000000000003 0.001 -0.09399999999999986 2.7060000000000004 0.0028571428571428593 0.018928571428571402 0.006785714285714331 
3.162277660168376 0.1 0.10000000000000098 3.1 0.001 -0.2749999999999999 2.5040000000000004 0.013314141777617819 0.02590860021590502 0.01187477509895627 
3.162277660168376 0.1 0.2500000000000011 0.1 0.001 -2.635 -2.6 2.171428571428592 0.6571428571428666 79.34285714285784 
3.162277660168376 0.31622776601683794 -0.049999999999999156 0.1 0.001 -2.19 0.5859999999999999 0.026657060518732095 0.01116714697406345 0.008645533141210223 
3.162277660168376 0.31622776601683794 -0.049999999999999156 3.0500000000000003 0.001 -0.7189999999999999 -0.6930000000000001 1.769230769230793 2.1153846153846207 107.00000000000084 
3.162277660168376 0.31622776601683794 0.10000000000000098 0.05 0.001 -2.235 -2.198 3.1621621621621685 1.0 74.48648648648665 
3.162277660168376 0.31622776601683794 0.10000000000000098 3.1 0.001 -0.7109999999999999 2.037 0.023653566229985587 0.03566229985443955 0.012372634643376932 
3.162277660168376 0.31622776601683794 0.20000000000000107 0.1 0.001 -2.2279999999999998 -2.181 1.9574468085106522 1.255319148936172 58.51063829787271 
3.162277660168376 0.31622776601683794 0.20000000000000107 3.0500000000000003 0.001 -0.7199999999999998 2.0380000000000003 0.01740391588107326 0.04278462654097152 0.005801305293691086 
3.162277660168376 0.31622776601683794 0.30000000000000115 3.0 0.001 -0.7210000000000001 2.035 0.011248185776487552 0.041001451378810026 0.012336719883889624 
3.162277660168376 0.31622776601683794 0.40000000000000124 2.95 0.001 -0.7189999999999999 2.026 0.006193078324225993 0.04043715846994528 0.013843351548269676 
3.162277660168376 0.31622776601683794 0.9000000000000017 0.45 0.001 -1.976 -1.94 2.0833333333333304 0.08333333333333642 71.3055555555555 
3.162277660168376 1.0 -0.24999999999999933 2.95 0.001 -1.454 -1.42 2.8529411764705848 0.9705882352941144 81.11764705882345 
3.162277660168376 1.0 -0.1999999999999993 0.15000000000000002 0.001 -1.4689999999999999 1.2999999999999998 0.004694835680751138 0.04405922715781899 0.013362224629830237 
3.162277660168376 1.0 -0.0999999999999992 3.0500000000000003 0.001 -1.4789999999999999 -1.435 1.1136363636363718 2.727272727272736 62.000000000000256 
3.162277660168376 1.0 -0.049999999999999156 0.05 0.001 -1.446 1.2780000000000005 0.03524229074889838 0.02533039647577123 0.017254038179148203 
3.162277660168376 1.0 -0.049999999999999156 3.1 0.001 -1.4869999999999999 -1.454 3.3333333333333446 1.5151515151515136 82.93939393939417 
3.162277660168376 1.0 0.05000000000000093 0.05 0.001 -1.49 -1.443 1.4680851063829845 2.042553191489362 57.95744680851072 
3.162277660168376 1.0 0.05000000000000093 3.1 0.001 -1.443 1.2940000000000005 0.018268176835951704 0.04018998903909368 0.0120569967117283 
3.162277660168376 1.0 0.10000000000000098 3.0500000000000003 0.001 -1.462 1.266 0.04398826979472145 0.017961876832844715 0.01612903225806437 
3.162277660168376 1.0 0.20000000000000107 0.15000000000000002 0.001 -1.472 -1.435 3.297297297297307 0.35135135135134943 74.837837837838 
3.162277660168376 1.0 0.2500000000000011 2.95 0.001 -1.468 1.29 0.011965192168237986 0.035170413343002006 0.012327773749093477 
1.2589254117941662 0.001 0.10000000000000098 0.25 0.001 -0.46199999999999974 -0.42799999999999994 1.0 0.11764705882353017 11.529411764705957 
1.2589254117941662 0.001 0.20000000000000107 0.5 0.001 -0.4209999999999998 -0.4169999999999998 10.499999999999945 3.2499999999999725 91.0 
1.2589254117941662 0.001 0.4500000000000013 1.2000000000000002 0.001 -0.2330000000000001 -0.18400000000000016 0.48979591836734804 0.5306122448979649 3.020408163265313 
1.2589254117941662 0.001 0.4500000000000013 1.9000000000000001 0.001 -0.016999999999999904 0.121 0.06521739130434713 0.26811594202898836 0.2608695652173885 
1.2589254117941662 0.001 0.4500000000000013 1.9500000000000002 0.001 -0.0129999999999999 0.137 0.19333333333333289 0.14666666666666836 0.33333333333333237 
1.2589254117941662 0.0031622776601683794 8.881784197001252e-16 0.05 0.001 -0.609 -0.488 0.48760330578512534 3.314049586776858 0.24793388429752272 
1.2589254117941662 0.0031622776601683794 8.881784197001252e-16 3.1 0.001 -0.0019999999999997797 0.028999999999999915 12.612903225806576 2.3548387096774412 3.741935483871008 
1.2589254117941662 0.0031622776601683794 0.10000000000000098 0.30000000000000004 0.001 -0.46099999999999985 -0.43999999999999995 5.285714285714319 0.42857142857142555 15.476190476190531 
1.2589254117941662 0.0031622776601683794 0.10000000000000098 2.85 0.001 -0.004999999999999893 0.3280000000000003 0.05105105105105073 0.255255255255255 0.0990990990990988 
1.2589254117941662 0.0031622776601683794 0.20000000000000107 0.55 0.001 -0.42200000000000015 -0.41999999999999993 35.99999999999601 15.999999999998224 160.999999999982 
1.2589254117941662 0.0031622776601683794 0.20000000000000107 2.6 0.001 -0.005999999999999783 0.3200000000000003 0.12883435582822025 0.15950920245398784 0.030674846625766212 
1.2589254117941662 0.0031622776601683794 0.30000000000000115 0.6000000000000001 0.001 -0.44399999999999995 -0.4249999999999998 3.3157894736841738 0.4210526315789449 18.94736842105252 
1.2589254117941662 0.0031622776601683794 0.30000000000000115 2.5500000000000003 0.001 -0.005999999999999783 0.35599999999999987 0.00828729281767988 0.22375690607734816 0.02762430939226586 
1.2589254117941662 0.0031622776601683794 0.3500000000000012 0.75 0.001 -0.3860000000000001 -0.3420000000000001 0.5909090909090959 0.24999999999999242 7.1136363636363615 
1.2589254117941662 0.0031622776601683794 0.3500000000000012 2.4000000000000004 0.001 -0.008000000000000007 0.30699999999999994 0.009523809523809885 0.15555555555555536 0.1015873015873017 
1.2589254117941662 0.01 8.881784197001252e-16 0.15000000000000002 0.001 -0.47799999999999976 -0.44700000000000006 12.322580645161416 2.3548387096774412 0.09677419354839172 
1.2589254117941662 0.01 8.881784197001252e-16 2.95 0.001 -0.01100000000000012 -0.008000000000000007 20.99999999999926 137.99999999999469 1.0 
1.2589254117941662 0.01 8.881784197001252e-16 3.0 0.001 -0.01100000000000012 -0.008000000000000007 25.333333333332394 124.3333333333287 12.999999999999408 
1.2589254117941662 0.01 8.881784197001252e-16 3.1 0.001 -0.008999999999999897 0.16100000000000003 0.564705882352942 1.629411764705884 0.7764705882352925 
1.2589254117941662 0.01 0.05000000000000093 0.25 0.001 -0.47699999999999987 -0.43299999999999983 4.545454545454535 1.4772727272727249 4.181818181818182 
1.2589254117941662 0.01 0.05000000000000093 0.30000000000000004 0.001 -0.46999999999999975 -0.4670000000000001 93.66666666667703 15.666666666668442 51.66666666667229 
1.2589254117941662 0.01 0.05000000000000093 2.85 0.001 -0.016000000000000014 0.14300000000000024 0.3081761006289299 1.7106918238993671 0.037735849056605146 
1.2589254117941662 0.01 0.05000000000000093 2.9000000000000004 0.001 -0.016000000000000014 0.17399999999999993 0.3736842105263168 0.9368421052631578 0.2947368421052635 
1.2589254117941662 0.01 0.10000000000000098 0.4 0.001 -0.46199999999999974 -0.45500000000000007 26.142857142858404 8.428571428571782 32.71428571428726 
1.2589254117941662 0.01 0.10000000000000098 2.75 0.001 -0.016000000000000014 0.21799999999999997 0.27350427350427375 0.7179487179487186 0.055555555555555136 
1.2589254117941662 0.01 0.15000000000000102 0.5 0.001 -0.44899999999999984 -0.43199999999999994 5.705882352941207 5.235294117647086 15.4705882352942 
1.2589254117941662 0.01 0.15000000000000102 2.6500000000000004 0.001 -0.016999999999999904 0.25 0.37827715355805247 0.2621722846441959 0.10861423220973755 
1.2589254117941662 0.01 0.20000000000000107 2.8000000000000003 0.001 -0.016999999999999904 0.387 0.2599009900990099 0.1633663366336641 0.014851485148514318 
1.2589254117941662 0.01 0.2500000000000011 0.75 0.001 -0.4009999999999998 -0.39400000000000013 6.571428571428916 16.142857142857896 36.571428571430246 
1.2589254117941662 0.01 0.2500000000000011 2.7 0.001 -0.016999999999999904 0.371 0.20103092783505236 0.1572164948453607 0.061855670103092855 
1.2589254117941662 0.01 0.30000000000000115 0.55 0.001 -0.4979999999999998 -0.46199999999999974 1.9444444444444382 1.3055555555555587 10.083333333333323 
1.2589254117941662 0.01 0.30000000000000115 2.6 0.001 -0.017999999999999794 0.34799999999999986 0.09016393442623058 0.281420765027322 0.0546448087431695 
1.2589254117941662 0.01 0.3500000000000012 0.65 0.001 -0.4670000000000001 -0.44700000000000006 6.449999999999995 0.25000000000001665 16.599999999999977 
1.2589254117941662 0.01 0.3500000000000012 2.5 0.001 -0.019000000000000128 0.31499999999999995 0.0059880239520964775 0.42814371257484957 0.03892215568862245 
1.2589254117941662 0.01 0.40000000000000124 2.3000000000000003 0.001 -0.02300000000000013 0.2410000000000001 0.0833333333333325 0.1022727272727277 0.329545454545455 
1.2589254117941662 0.03162277660168379 -0.049999999999999156 0.0 0.001 -0.7570000000000001 -0.5449999999999999 1.5330188679245278 0.976415094339621 0.24999999999999947 
1.2589254117941662 0.03162277660168379 -0.049999999999999156 0.15000000000000002 0.001 -0.488 -0.4249999999999998 6.555555555555535 0.6349206349206338 0.14285714285714085 
1.2589254117941662 0.03162277660168379 -0.049999999999999156 0.2 0.001 -0.4830000000000001 -0.4630000000000001 22.549999999999983 1.8499999999999945 0.6 
1.2589254117941662 0.03162277660168379 -0.049999999999999156 1.55 0.001 -0.06099999999999994 -0.05799999999999983 19.66666666666583 20.333333333332693 0.6666666666665679 
1.2589254117941662 0.03162277660168379 -0.049999999999999156 2.95 0.001 -0.03699999999999992 -0.0259999999999998 3.4545454545453995 40.54545454545411 2.36363636363632 
1.2589254117941662 0.03162277660168379 -0.049999999999999156 3.0 0.001 -0.03699999999999992 -0.028999999999999915 5.124999999999986 50.624999999999986 8.999999999999945 
1.2589254117941662 0.03162277660168379 8.881784197001252e-16 0.25 0.001 -0.48999999999999977 -0.4049999999999998 2.5764705882352934 2.4823529411764698 0.10588235294118052 
1.2589254117941662 0.03162277660168379 8.881784197001252e-16 0.30000000000000004 0.001 -0.48599999999999977 -0.45999999999999996 11.96153846153855 6.692307692307741 0.3461538461538619 
1.2589254117941662 0.03162277660168379 8.881784197001252e-16 2.85 0.001 -0.03399999999999981 -0.02499999999999991 19.8888888888891 33.22222222222265 3.6666666666666994 
1.2589254117941662 0.03162277660168379 8.881784197001252e-16 2.9000000000000004 0.001 -0.03399999999999981 -0.02499999999999991 24.555555555555845 21.666666666666895 11.222222222222348 
1.2589254117941662 0.03162277660168379 0.05000000000000093 0.0 0.001 -0.7570000000000001 -0.5449999999999999 1.5330188679245278 0.976415094339621 0.24999999999999947 
1.2589254117941662 0.03162277660168379 0.05000000000000093 0.05 0.001 -0.7170000000000001 -0.5960000000000001 3.917355371900828 0.8677685950413222 0.5041322314049582 
1.2589254117941662 0.03162277660168379 0.05000000000000093 0.4 0.001 -0.4830000000000001 -0.44700000000000006 5.111111111111111 7.6388888888888795 1.249999999999997 
1.2589254117941662 0.03162277660168379 0.05000000000000093 2.7 0.001 -0.052000000000000046 -0.01200000000000001 5.9 6.449999999999995 0.04999999999999445 
1.2589254117941662 0.03162277660168379 0.05000000000000093 2.75 0.001 -0.05899999999999972 -0.01200000000000001 6.085106382978762 3.4468085106383177 1.021276595744688 
1.2589254117941662 0.03162277660168379 0.05000000000000093 3.1 0.001 -0.04300000000000015 0.016000000000000014 2.0847457627118624 7.55932203389828 2.38983050847457 
1.2589254117941662 0.03162277660168379 0.10000000000000098 2.6 0.001 -0.04599999999999982 0.08099999999999996 1.6692913385826815 1.4015748031496083 0.03937007874015671 
1.2589254117941662 0.03162277660168379 0.15000000000000102 0.65 0.001 -0.4630000000000001 -0.4590000000000001 31.0 53.749999999999915 41.50000000000006 
1.2589254117941662 0.03162277660168379 0.15000000000000102 2.5 0.001 -0.04599999999999982 0.12300000000000022 1.3372781065088752 0.5976331360946743 0.07692307692307632 
1.2589254117941662 0.03162277660168379 0.20000000000000107 0.75 0.001 -0.44300000000000006 -0.4159999999999999 0.8518518518518524 9.444444444444393 6.925925925925885 
1.2589254117941662 0.03162277660168379 0.2500000000000011 2.75 0.001 -0.04899999999999993 0.33000000000000007 0.4722955145118729 0.23482849604221628 0.02638522427440694 
1.2589254117941662 0.03162277660168379 0.30000000000000115 2.6500000000000004 0.001 -0.04899999999999993 0.31300000000000017 0.44198895027624213 0.12430939226519437 0.14088397790055165 
1.2589254117941662 0.03162277660168379 0.3500000000000012 0.6000000000000001 0.001 -0.5249999999999999 -0.44899999999999984 0.631578947368421 1.5394736842105248 4.381578947368414 
1.2589254117941662 0.03162277660168379 0.3500000000000012 2.5500000000000003 0.001 -0.04899999999999993 0.2869999999999999 0.27083333333333404 0.31547619047619024 0.14285714285714304 
1.2589254117941662 0.03162277660168379 0.40000000000000124 0.7000000000000001 0.001 -0.4870000000000001 -0.4419999999999997 3.5555555555555194 0.7333333333333254 6.555555555555509 
1.2589254117941662 0.03162277660168379 0.40000000000000124 2.45 0.001 -0.04599999999999982 0.2520000000000002 0.09060402684563654 0.6006711409395982 0.11744966442952917 
1.2589254117941662 0.1 -0.0999999999999992 0.2 0.001 -0.496 -0.30600000000000005 0.7315789473684224 1.1842105263157903 0.2947368421052612 
1.2589254117941662 0.1 -0.0999999999999992 0.25 0.001 -0.4969999999999999 -0.4039999999999999 2.9892473118279583 1.9139784946236558 0.6451612903225814 
1.2589254117941662 0.1 -0.0999999999999992 0.30000000000000004 0.001 -0.5030000000000001 -0.4670000000000001 9.972222222222213 4.305555555555559 1.7499999999999907 
1.2589254117941662 0.1 -0.0999999999999992 0.35000000000000003 0.001 -0.5129999999999999 -0.5110000000000001 206.50000000002288 70.00000000000777 33.00000000000355 
1.2589254117941662 0.1 -0.0999999999999992 1.4500000000000002 0.001 -0.133 -0.09799999999999986 3.1428571428571264 4.314285714285703 0.17142857142856455 
1.2589254117941662 0.1 -0.0999999999999992 1.5 0.001 -0.1389999999999998 -0.10999999999999988 4.034482758620701 4.862068965517256 0.41379310344827747 
1.2589254117941662 0.1 -0.0999999999999992 1.55 0.001 -0.1459999999999999 -0.12299999999999978 5.434782608695621 5.739130434782561 0.7826086956521798 
1.2589254117941662 0.1 -0.0999999999999992 1.6 0.001 -0.15300000000000002 -0.13600000000000012 7.82352941176475 7.294117647058871 1.4117647058823621 
1.2589254117941662 0.1 -0.0999999999999992 1.6500000000000001 0.001 -0.16100000000000003 -0.1509999999999998 14.299999999999649 11.599999999999742 2.999999999999911 
1.2589254117941662 0.1 -0.0999999999999992 1.7000000000000002 0.001 -0.16999999999999993 -0.16500000000000004 30.400000000000674 21.800000000000463 7.20000000000016 
1.2589254117941662 0.1 -0.0999999999999992 2.8000000000000003 0.001 -0.10899999999999999 -0.04300000000000015 2.151515151515162 6.136363636363648 0.1060606060606081 
1.2589254117941662 0.1 -0.0999999999999992 2.85 0.001 -0.11099999999999977 -0.04800000000000004 2.5079365079365177 5.507936507936532 0.6984126984127021 
1.2589254117941662 0.1 -0.0999999999999992 2.9000000000000004 0.001 -0.11299999999999999 -0.052999999999999936 3.0499999999999945 4.349999999999998 1.766666666666663 
1.2589254117941662 0.1 -0.0999999999999992 2.95 0.001 -0.11399999999999988 -0.05799999999999983 4.303571428571426 1.7142857142857064 3.892857142857139 
1.2589254117941662 0.1 -0.049999999999999156 0.4 0.001 -0.5099999999999998 -0.46599999999999975 5.159090909090901 6.704545454545447 0.8863636363636389 
1.2589254117941662 0.1 -0.049999999999999156 0.45 0.001 -0.5219999999999998 -0.52 159.00000000001754 129.0000000000142 17.500000000002 
1.2589254117941662 0.1 -0.049999999999999156 2.7 0.001 -0.09099999999999975 -0.05500000000000016 7.277777777777861 8.5000000000001 0.1666666666666749 
1.2589254117941662 0.1 -0.049999999999999156 2.75 0.001 -0.09499999999999975 -0.05600000000000005 7.794871794871861 5.256410256410298 1.4358974358974368 
1.2589254117941662 0.1 8.881784197001252e-16 0.5 0.001 -0.5129999999999999 -0.45100000000000007 1.548387096774199 6.983870967741952 0.3387096774193614 
1.2589254117941662 0.1 8.881784197001252e-16 2.6 0.001 -0.09799999999999986 -0.07899999999999974 19.421052631578803 12.052631578947292 0.21052631578947245 
1.2589254117941662 0.1 0.15000000000000102 0.05 0.001 -0.839 -0.5059999999999998 0.924924924924924 0.984984984984984 0.012012012012012015 
1.2589254117941662 0.1 0.15000000000000102 3.1 0.001 -0.13099999999999978 -0.125 55.166666666668654 49.50000000000181 56.166666666668654 
1.2589254117941662 0.1 0.30000000000000115 0.45 0.001 -0.6259999999999999 -0.5979999999999999 2.0357142857142816 11.607142857142852 12.499999999999977 
1.2589254117941662 0.1 0.30000000000000115 2.7 0.001 -0.1349999999999998 0.22100000000000009 0.8117977528089895 0.34269662921348293 0.011235955056179789 
1.2589254117941662 0.1 0.3500000000000012 2.6 0.001 -0.1259999999999999 0.20800000000000018 0.7874251497005983 0.2185628742514968 0.137724550898203 
1.2589254117941662 0.1 0.40000000000000124 0.65 0.001 -0.5409999999999999 -0.45599999999999996 0.7294117647058806 2.5176470588235302 3.3882352941176515 
1.2589254117941662 0.1 0.40000000000000124 2.5 0.001 -0.10899999999999999 0.18400000000000016 0.6313993174061432 0.4232081911262785 0.18430034129692915 
1.2589254117941662 0.31622776601683794 -0.24999999999999933 0.15000000000000002 0.001 -0.45799999999999974 -0.30299999999999994 1.7096774193548416 1.2322580645161296 0.8193548387096798 
1.2589254117941662 0.31622776601683794 -0.24999999999999933 0.2 0.001 -0.472 -0.383 3.8314606741573067 2.0337078651685405 1.6404494382022468 
1.2589254117941662 0.31622776601683794 -0.24999999999999933 0.25 0.001 -0.48999999999999977 -0.45199999999999996 10.684210526315846 4.526315789473699 4.184210526315817 
1.2589254117941662 0.31622776601683794 -0.24999999999999933 0.30000000000000004 0.001 -0.5129999999999999 -0.5089999999999999 114.24999999999986 41.49999999999994 42.24999999999997 
1.2589254117941662 0.31622776601683794 -0.24999999999999933 2.85 0.001 -0.2829999999999999 -0.1160000000000001 1.0000000000000027 2.68862275449102 0.053892215568861715 
1.2589254117941662 0.31622776601683794 -0.24999999999999933 2.9000000000000004 0.001 -0.28500000000000014 -0.1280000000000001 1.1082802547770723 2.5159235668789806 0.2929936305732472 
1.2589254117941662 0.31622776601683794 -0.24999999999999933 2.95 0.001 -0.2839999999999998 -0.1419999999999999 1.2887323943661968 2.323943661971833 0.6901408450704221 
1.2589254117941662 0.31622776601683794 -0.24999999999999933 3.0 0.001 -0.2789999999999999 -0.1549999999999998 1.5564516129032249 2.0241935483870943 1.3467741935483843 
1.2589254117941662 0.31622776601683794 -0.1999999999999993 0.35000000000000003 0.001 -0.5129999999999999 -0.4630000000000001 5.1000000000000245 6.3600000000000145 3.3000000000000123 
1.2589254117941662 0.31622776601683794 -0.1999999999999993 0.4 0.001 -0.5369999999999999 -0.5350000000000001 176.50000000001955 142.00000000001555 83.00000000000932 
1.2589254117941662 0.31622776601683794 -0.1999999999999993 1.1500000000000001 0.001 -0.19999999999999973 -0.02499999999999991 0.5828571428571427 0.10857142857142942 2.3657142857142888 
1.2589254117941662 0.31622776601683794 -0.1999999999999993 1.2000000000000002 0.001 -0.20799999999999974 -0.040000000000000036 0.5892857142857165 0.1666666666666671 2.4107142857142887 
1.2589254117941662 0.31622776601683794 -0.1999999999999993 1.25 0.001 -0.21599999999999975 -0.05799999999999983 0.6392405063291141 0.22151898734177036 2.443037974683546 
1.2589254117941662 0.31622776601683794 -0.1999999999999993 1.3 0.001 -0.2250000000000001 -0.08000000000000007 0.7448275862068972 0.28965517241379485 2.5034482758620684 
1.2589254117941662 0.31622776601683794 -0.1999999999999993 1.35 0.001 -0.23499999999999988 -0.10599999999999987 0.937984496124031 0.364341085271319 2.620155038759687 
1.2589254117941662 0.31622776601683794 -0.1999999999999993 1.4000000000000001 0.001 -0.246 -0.1349999999999998 1.252252252252248 0.450450450450452 2.837837837837832 
1.2589254117941662 0.31622776601683794 -0.1999999999999993 1.4500000000000002 0.001 -0.258 -0.16699999999999982 1.7692307692307658 0.5714285714285707 3.2197802197802097 
1.2589254117941662 0.31622776601683794 -0.1999999999999993 1.7000000000000002 0.001 -0.34399999999999986 -0.04700000000000015 0.1717171717171724 0.5319865319865322 0.31649831649831783 
1.2589254117941662 0.31622776601683794 -0.1999999999999993 1.75 0.001 -0.3740000000000001 -0.05500000000000016 0.1536050156739824 0.426332288401253 0.3573667711598757 
1.2589254117941662 0.31622776601683794 -0.1999999999999993 1.8 0.001 -0.40600000000000014 -0.06299999999999972 0.13411078717201097 0.346938775510203 0.3848396501457725 
1.2589254117941662 0.31622776601683794 -0.1999999999999993 1.85 0.001 -0.43800000000000017 -0.07099999999999973 0.10899182561307777 0.2915531335149866 0.4032697547683923 
1.2589254117941662 0.31622776601683794 -0.1999999999999993 1.9000000000000001 0.001 -0.46899999999999986 -0.08000000000000007 0.08997429305912638 0.2570694087403603 0.4113110539845753 
1.2589254117941662 0.31622776601683794 -0.1999999999999993 1.9500000000000002 0.001 -0.496 -0.08800000000000008 0.06372549019607905 0.24264705882352886 0.41421568627451 
1.2589254117941662 0.31622776601683794 -0.1999999999999993 2.0 0.001 -0.512 -0.09699999999999998 0.04096385542168651 0.2457831325301212 0.42409638554216794 
1.2589254117941662 0.31622776601683794 -0.1999999999999993 2.75 0.001 -0.26900000000000013 -0.10299999999999976 1.7349397590361395 2.0481927710843317 0.042168674698795795 
1.2589254117941662 0.31622776601683794 -0.1999999999999993 2.8000000000000003 0.001 -0.2759999999999998 -0.1120000000000001 1.9939024390243936 1.4146341463414673 0.37804878048780455 
1.2589254117941662 0.31622776601683794 -0.14999999999999925 0.45 0.001 -0.5310000000000001 -0.4630000000000001 1.5735294117647076 7.044117647058819 1.8088235294117598 
1.2589254117941662 0.31622776601683794 -0.14999999999999925 2.6500000000000004 0.001 -0.2370000000000001 -0.121 3.560344827586206 2.224137931034481 0.025862068965514372 
1.2589254117941662 0.31622776601683794 0.2500000000000011 0.15000000000000002 0.001 -0.7890000000000001 -0.4249999999999998 1.271978021978021 0.42307692307692246 0.18406593406593316 
1.2589254117941662 0.31622776601683794 0.2500000000000011 0.2 0.001 -0.7690000000000001 -0.43000000000000016 1.3805309734513287 0.6814159292035395 0.04719764011799415 
1.2589254117941662 0.31622776601683794 0.2500000000000011 2.75 0.001 -0.4079999999999999 -0.05600000000000005 1.7528409090909096 0.10795454545454622 0.022727272727272756 
1.2589254117941662 0.31622776601683794 0.2500000000000011 2.95 0.001 -0.28100000000000014 -0.2570000000000001 9.125000000000005 19.458333333333318 14.333333333333314 
1.2589254117941662 0.31622776601683794 0.2500000000000011 3.0 0.001 -0.2549999999999999 -0.17700000000000005 1.7692307692307714 5.948717948717966 4.705128205128214 
1.2589254117941662 1.0 -0.39999999999999947 1.4000000000000001 0.001 -0.355 -0.34099999999999975 25.785714285713837 5.928571428571343 36.14285714285652 
1.2589254117941662 1.0 -0.39999999999999947 1.75 0.001 -0.6120000000000001 -0.10599999999999987 0.1640316205533591 0.7035573122529647 0.033596837944663824 
1.2589254117941662 1.0 -0.3499999999999994 0.15000000000000002 0.001 -0.3929999999999998 -0.367 17.000000000000135 7.423076923076982 11.53846153846162 
1.2589254117941662 1.0 -0.3499999999999994 1.4500000000000002 0.001 -0.3580000000000001 -0.2530000000000001 1.104761904761906 2.6285714285714312 3.857142857142856 
1.2589254117941662 1.0 -0.3499999999999994 1.5 0.001 -0.3849999999999998 -0.34099999999999975 4.931818181818169 5.795454545454548 8.363636363636354 
1.2589254117941662 1.0 -0.3499999999999994 1.55 0.001 -0.4169999999999998 -0.41000000000000014 41.00000000000197 35.57142857143018 46.57142857143076 
1.2589254117941662 1.0 -0.3499999999999994 1.6 0.001 -0.45999999999999996 -0.12699999999999978 0.7507507507507504 0.8288288288288278 0.03603603603603605 
1.2589254117941662 1.0 -0.3499999999999994 1.6500000000000001 0.001 -0.5070000000000001 -0.133 0.6871657754010696 0.5454545454545457 0.1390374331550791 
1.2589254117941662 1.0 -0.3499999999999994 1.7000000000000002 0.001 -0.5510000000000002 -0.14000000000000012 0.6885644768856456 0.21897810218978067 0.2944038929440389 
1.2589254117941662 1.0 -0.3499999999999994 2.95 0.001 -0.5720000000000001 -0.2549999999999999 0.6372239747634064 1.4731861198738165 0.015772870662460223 
1.2589254117941662 1.0 -0.3499999999999994 3.0 0.001 -0.5670000000000002 -0.2709999999999999 0.6452702702702692 1.4763513513513509 0.10810810810810811 
1.2589254117941662 1.0 -0.2999999999999994 0.25 0.001 -0.41999999999999993 -0.35299999999999976 3.0597014925373003 6.0149253731343135 4.597014925373126 
1.2589254117941662 1.0 -0.2999999999999994 0.30000000000000004 0.001 -0.45199999999999996 -0.4419999999999997 31.199999999999264 37.49999999999913 30.49999999999931 
1.2589254117941662 1.0 -0.2999999999999994 1.5 0.001 -0.36099999999999977 -0.17499999999999982 2.403225806451614 0.6720430107526884 0.21505376344086047 
1.2589254117941662 1.0 -0.2999999999999994 1.6500000000000001 0.001 -0.44300000000000006 -0.4169999999999998 5.961538461538398 16.269230769230617 7.538461538461474 
1.2589254117941662 1.0 -0.2999999999999994 2.85 0.001 -0.5529999999999999 -0.2469999999999999 1.2385620915032678 0.970588235294118 0.05555555555555523 
1.2589254117941662 1.0 -0.2999999999999994 2.9000000000000004 0.001 -0.5640000000000001 -0.2559999999999998 1.331168831168829 0.5844155844155844 0.2662337662337655 
1.2589254117941662 1.0 -0.24999999999999933 0.4 0.001 -0.476 -0.45100000000000007 6.200000000000032 22.84000000000007 8.80000000000004 
1.2589254117941662 1.0 -0.24999999999999933 2.75 0.001 -0.4990000000000001 -0.274 2.6088888888888886 0.502222222222222 0.19555555555555565 
1.2589254117941662 1.0 0.2500000000000011 0.4 0.001 -0.4950000000000001 -0.2749999999999999 2.595454545454544 0.704545454545453 0.11363636363636313 
1.2589254117941662 1.0 0.2500000000000011 2.75 0.001 -0.46999999999999975 -0.42600000000000016 2.5681818181818516 13.340909090909207 5.113636363636413 
1.2589254117941662 1.0 0.30000000000000115 0.25 0.001 -0.5630000000000002 -0.2549999999999999 1.3084415584415574 0.6655844155844153 0.21753246753246644 
1.2589254117941662 1.0 0.30000000000000115 0.30000000000000004 0.001 -0.5499999999999998 -0.2450000000000001 1.2295081967213126 1.022950819672133 0.03278688524590097 
1.2589254117941662 1.0 0.30000000000000115 1.5 0.001 -0.43699999999999983 -0.3969999999999998 3.1249999999999973 11.174999999999992 4.649999999999994 
1.2589254117941662 1.0 0.30000000000000115 1.6500000000000001 0.001 -0.35699999999999976 -0.16100000000000003 2.1581632653061256 0.7908163265306146 0.13265306122448897 
1.2589254117941662 1.0 0.30000000000000115 2.85 0.001 -0.44599999999999973 -0.4289999999999998 17.470588235294198 22.29411764705895 18.000000000000103 
1.2589254117941662 1.0 0.30000000000000115 2.9000000000000004 0.001 -0.4159999999999999 -0.3340000000000001 2.195121951219518 5.000000000000011 3.7560975609756144 
1.2589254117941662 1.0 0.3500000000000012 0.15000000000000002 0.001 -0.5680000000000001 -0.2679999999999998 0.643333333333333 1.4733333333333312 0.0866666666666674 
1.2589254117941662 1.0 0.3500000000000012 1.4500000000000002 0.001 -0.544 -0.1389999999999998 0.6814814814814806 0.2864197530864198 0.2592592592592591 
1.2589254117941662 1.0 0.3500000000000012 1.5 0.001 -0.4990000000000001 -0.13099999999999978 0.6929347826086948 0.5896739130434779 0.11956521739130435 
1.2589254117941662 1.0 0.3500000000000012 1.55 0.001 -0.45199999999999996 -0.1259999999999999 0.7638036809815952 0.8803680981595088 0.021472392638037165 
1.2589254117941662 1.0 0.3500000000000012 1.6 0.001 -0.41100000000000003 -0.399 23.0 20.833333333333314 27.749999999999954 
1.2589254117941662 1.0 0.3500000000000012 1.6500000000000001 0.001 -0.3799999999999999 -0.32799999999999985 3.9230769230769145 4.94230769230769 7.192307692307688 
1.2589254117941662 1.0 0.3500000000000012 1.7000000000000002 0.001 -0.3540000000000001 -0.2330000000000001 0.7438016528925645 2.338842975206611 3.3966942148760335 
1.2589254117941662 1.0 0.3500000000000012 2.95 0.001 -0.41900000000000004 -0.41400000000000015 93.40000000000201 40.40000000000085 63.400000000001384 
1.2589254117941662 1.0 0.3500000000000012 3.0 0.001 -0.3889999999999998 -0.35699999999999976 13.656249999999982 5.968749999999989 9.25 
1.2589254117941662 1.0 0.40000000000000124 1.4000000000000001 0.001 -0.609 -0.10299999999999976 0.1640316205533591 0.7134387351778657 0.027667984189722893 
1.2589254117941662 1.0 0.40000000000000124 1.75 0.001 -0.3500000000000001 -0.33299999999999974 20.9411764705878 4.8823529411763555 29.764705882352345 
0.9999999999999994 0.01 0.05000000000000093 3.0500000000000003 0.01 -0.1629999999999998 -0.05799999999999983 0.3523809523809517 1.0952380952380931 2.3619047619047646 
0.9999999999999994 0.03162277660168379 -0.14999999999999925 0.9 0.01 -0.20500000000000007 -0.09399999999999986 0.576576576576576 0.42342342342342 2.96396396396396 
0.9999999999999994 0.03162277660168379 -0.14999999999999925 2.25 0.01 -0.3500000000000001 -0.016999999999999904 0.13813813813813752 0.19519519519519493 0.32432432432432445 
0.9999999999999994 0.03162277660168379 -0.0999999999999992 1.1 0.01 -0.21300000000000008 -0.16599999999999993 2.38297872340425 1.4893617021276513 4.38297872340424 
0.9999999999999994 0.03162277660168379 -0.0999999999999992 1.35 0.01 -0.1459999999999999 -0.08400000000000007 1.4838709677419408 2.467741935483878 0.1774193548387121 
0.9999999999999994 0.03162277660168379 -0.0999999999999992 1.4000000000000001 0.01 -0.1469999999999998 -0.09099999999999975 1.7321428571428552 2.5535714285714226 0.3214285714285754 
0.9999999999999994 0.03162277660168379 -0.0999999999999992 1.4500000000000002 0.01 -0.14800000000000013 -0.09799999999999986 2.0399999999999867 2.6999999999999904 0.4599999999999913 
0.9999999999999994 0.03162277660168379 -0.0999999999999992 1.5 0.01 -0.1499999999999999 -0.10499999999999998 2.377777777777786 2.822222222222222 0.6444444444444436 
0.9999999999999994 0.03162277660168379 -0.0999999999999992 1.55 0.01 -0.15200000000000014 -0.11299999999999999 2.8974358974358863 3.076923076923068 0.8974358974358977 
0.9999999999999994 0.03162277660168379 -0.0999999999999992 1.6 0.01 -0.1549999999999998 -0.12199999999999989 3.666666666666676 3.4242424242424323 1.2121212121212162 
0.9999999999999994 0.03162277660168379 -0.0999999999999992 1.6500000000000001 0.01 -0.1589999999999998 -0.13099999999999978 4.571428571428555 3.821428571428575 1.6071428571428532 
0.9999999999999994 0.03162277660168379 -0.0999999999999992 1.7000000000000002 0.01 -0.1629999999999998 -0.14100000000000001 6.181818181818244 4.636363636363673 2.3181818181818468 
0.9999999999999994 0.03162277660168379 -0.0999999999999992 1.75 0.01 -0.16699999999999982 -0.1509999999999998 9.062499999999993 5.93749999999998 3.6250000000000138 
0.9999999999999994 0.03162277660168379 -0.0999999999999992 1.8 0.01 -0.17200000000000015 -0.1629999999999998 17.222222222221546 10.11111111111075 6.999999999999704 
0.9999999999999994 0.03162277660168379 -0.0999999999999992 2.0 0.01 -0.21099999999999985 -0.01399999999999979 0.37055837563451743 0.5025380710659885 0.3908629441624362 
0.9999999999999994 0.03162277660168379 -0.0999999999999992 2.0500000000000003 0.01 -0.22399999999999975 -0.015000000000000124 0.325358851674642 0.5502392344497627 0.19617224880382775 
0.9999999999999994 0.03162277660168379 -0.049999999999999156 1.1 0.01 -0.17200000000000015 -0.03799999999999981 0.38805970149253666 1.1641791044776066 0.14925373134328335 
0.9999999999999994 0.03162277660168379 -0.049999999999999156 1.1500000000000001 0.01 -0.18000000000000016 -0.041999999999999815 0.3985507246376781 1.03623188405797 0.21014492753623074 
0.9999999999999994 0.03162277660168379 -0.049999999999999156 1.2000000000000002 0.01 -0.18900000000000006 -0.04499999999999993 0.3888888888888889 0.9166666666666666 0.26388888888888734 
0.9999999999999994 0.03162277660168379 -0.049999999999999156 1.25 0.01 -0.20100000000000007 -0.04899999999999993 0.3881578947368428 0.8026315789473669 0.2960526315789466 
0.9999999999999994 0.03162277660168379 -0.049999999999999156 1.3 0.01 -0.21599999999999975 -0.052999999999999936 0.3742331288343559 0.6993865030674847 0.32515337423313156 
0.9999999999999994 0.03162277660168379 -0.049999999999999156 1.35 0.01 -0.19399999999999995 -0.05799999999999983 0.4779411764705874 0.7794117647058807 0.4338235294117655 
0.9999999999999994 0.03162277660168379 -0.049999999999999156 1.4000000000000001 0.01 -0.18500000000000005 -0.06199999999999983 0.5447154471544683 0.804878048780488 0.544715447154472 
0.9999999999999994 0.03162277660168379 -0.049999999999999156 1.4500000000000002 0.01 -0.17899999999999983 -0.06699999999999973 0.6339285714285685 0.8303571428571419 0.6517857142857133 
0.9999999999999994 0.03162277660168379 -0.049999999999999156 1.5 0.01 -0.17499999999999982 -0.07200000000000006 0.718446601941752 0.8543689320388334 0.7766990291262161 
0.9999999999999994 0.03162277660168379 -0.049999999999999156 1.55 0.01 -0.17200000000000015 -0.07799999999999985 0.8404255319148881 0.8723404255319152 0.9361702127659552 
0.9999999999999994 0.03162277660168379 -0.049999999999999156 1.6 0.01 -0.17099999999999982 -0.08400000000000007 0.9540229885057521 0.8965517241379319 1.1034482758620732 
0.9999999999999994 0.03162277660168379 -0.049999999999999156 1.6500000000000001 0.01 -0.16999999999999993 -0.09099999999999975 1.1265822784810098 0.9367088607594896 1.3164556962025298 
0.9999999999999994 0.03162277660168379 -0.049999999999999156 1.7000000000000002 0.01 -0.16999999999999993 -0.09799999999999986 1.3055555555555525 0.9722222222222253 1.5833333333333302 
0.9999999999999994 0.03162277660168379 -0.049999999999999156 1.75 0.01 -0.17099999999999982 -0.10599999999999987 1.538461538461541 1.046153846153848 1.907692307692304 
0.9999999999999994 0.03162277660168379 -0.049999999999999156 1.8 0.01 -0.17300000000000004 -0.11399999999999988 1.8135593220338893 1.0847457627118624 2.355932203389828 
0.9999999999999994 0.03162277660168379 -0.049999999999999156 1.85 0.01 -0.17499999999999982 -0.12400000000000011 2.2549019607843306 1.2156862745098076 3.1568627450980578 
0.9999999999999994 0.03162277660168379 -0.049999999999999156 1.9000000000000001 0.01 -0.17799999999999994 -0.1339999999999999 2.8181818181818183 1.3409090909090833 3.409090909090914 
0.9999999999999994 0.03162277660168379 -0.049999999999999156 1.9500000000000002 0.01 -0.18100000000000005 -0.14500000000000002 3.6944444444444415 1.5833333333333302 3.9444444444444504 
0.9999999999999994 0.03162277660168379 -0.049999999999999156 2.0 0.01 -0.18599999999999994 -0.15799999999999992 5.178571428571424 1.9285714285714206 4.892857142857139 
0.9999999999999994 0.03162277660168379 -0.049999999999999156 2.0500000000000003 0.01 -0.19099999999999984 -0.17200000000000015 8.315789473684369 2.736842105263206 7.000000000000117 
0.9999999999999994 0.03162277660168379 0.10000000000000098 0.25 0.01 -0.3700000000000001 -0.16400000000000015 1.1019417475728173 0.5145631067961159 0.0922330097087385 
0.9999999999999994 0.1 -0.1999999999999993 1.0 0.01 -0.3839999999999999 -0.258 1.1984126984127015 1.2539682539682544 3.81746031746032 
0.9999999999999994 0.1 -0.14999999999999925 1.1 0.01 -0.3740000000000001 -0.31800000000000006 3.7142857142857144 2.7142857142857144 7.196428571428566 
0.9999999999999994 0.1 -0.14999999999999925 1.4500000000000002 0.01 -0.278 -0.19700000000000006 2.5679012345679046 3.395061728395062 0.24691358024691393 
0.9999999999999994 0.1 -0.14999999999999925 1.5 0.01 -0.28200000000000003 -0.21300000000000008 3.1739130434782674 3.7536231884057982 0.4782608695652166 
0.9999999999999994 0.1 -0.14999999999999925 1.55 0.01 -0.28600000000000003 -0.22999999999999998 4.142857142857143 4.339285714285708 0.8214285714285675 
0.9999999999999994 0.1 -0.14999999999999925 1.6 0.01 -0.2919999999999998 -0.2490000000000001 5.720930232558179 5.348837209302362 1.3488372093023413 
0.9999999999999994 0.1 -0.14999999999999925 1.6500000000000001 0.01 -0.29899999999999993 -0.2679999999999998 8.41935483870963 6.999999999999972 2.2903225806451566 
0.9999999999999994 0.1 -0.14999999999999925 1.7000000000000002 0.01 -0.30699999999999994 -0.28900000000000015 15.388888888889072 11.500000000000147 4.61111111111115 
0.9999999999999994 0.1 -0.14999999999999925 2.0500000000000003 0.01 -0.44999999999999973 -0.041999999999999815 0.36764705882352927 0.5294117647058829 0.10049019607843121 
0.9999999999999994 0.1 -0.0999999999999992 1.3 0.01 -0.32099999999999973 -0.11499999999999977 0.6699029126213588 1.330097087378641 0.13106796116504923 
0.9999999999999994 0.1 -0.0999999999999992 1.35 0.01 -0.31099999999999994 -0.1259999999999999 0.7783783783783789 1.3783783783783774 0.23243243243243317 
0.9999999999999994 0.1 -0.0999999999999992 1.4000000000000001 0.01 -0.3039999999999998 -0.1379999999999999 0.9156626506024108 1.421686746987951 0.3614457831325306 
0.9999999999999994 0.1 -0.0999999999999992 1.4500000000000002 0.01 -0.2999999999999998 -0.1499999999999999 1.0666666666666682 1.46 0.5066666666666674 
0.9999999999999994 0.1 -0.0999999999999992 1.5 0.01 -0.29800000000000004 -0.16400000000000015 1.268656716417914 1.5223880597014918 0.6791044776119423 
0.9999999999999994 0.1 -0.0999999999999992 1.55 0.01 -0.29800000000000004 -0.17899999999999983 1.5210084033613422 1.6050420168067183 0.8907563025210057 
0.9999999999999994 0.1 -0.0999999999999992 1.6 0.01 -0.29899999999999993 -0.19599999999999973 1.8834951456310638 1.7378640776698977 1.1747572815533958 
0.9999999999999994 0.1 -0.0999999999999992 1.6500000000000001 0.01 -0.30200000000000005 -0.21300000000000008 2.314606741573034 1.898876404494383 1.5280898876404514 
0.9999999999999994 0.1 -0.0999999999999992 1.7000000000000002 0.01 -0.30600000000000005 -0.2330000000000001 3.0410958904109604 2.1780821917808266 2.095890410958906 
0.9999999999999994 0.1 -0.0999999999999992 1.75 0.01 -0.31099999999999994 -0.254 4.192982456140353 2.6491228070175508 2.9649122807017583 
0.9999999999999994 0.1 -0.0999999999999992 1.8 0.01 -0.31800000000000006 -0.27700000000000014 6.29268292682928 3.4878048780487925 4.585365853658549 
0.9999999999999994 0.1 -0.0999999999999992 1.85 0.01 -0.32600000000000007 -0.30200000000000005 11.624999999999986 5.666666666666667 8.749999999999991 
0.9999999999999994 0.1 -0.0999999999999992 1.9000000000000001 0.01 -0.33000000000000007 -0.027000000000000135 0.42904290429043024 0.7887788778877886 0.21122112211221145 
0.9999999999999994 0.1 -0.049999999999999156 1.3 0.01 -0.4129999999999998 -0.34299999999999997 5.114285714285727 2.8142857142857216 1.4857142857142904 
0.9999999999999994 0.1 -0.049999999999999156 1.4500000000000002 0.01 -0.33299999999999974 -0.06599999999999984 0.26966292134831493 0.5243445692883885 0.6142322097378284 
0.9999999999999994 0.1 -0.049999999999999156 1.5 0.01 -0.32399999999999984 -0.08099999999999996 0.3497942386831276 0.506172839506174 0.7572016460905342 
0.9999999999999994 0.1 -0.049999999999999156 1.55 0.01 -0.3169999999999997 -0.09699999999999998 0.4454545454545453 0.4954545454545459 0.9272727272727291 
0.9999999999999994 0.1 -0.049999999999999156 1.6 0.01 -0.3129999999999997 -0.11299999999999999 0.5550000000000018 0.47999999999999887 1.1200000000000025 
0.9999999999999994 0.1 -0.049999999999999156 1.6500000000000001 0.01 -0.31099999999999994 -0.1299999999999999 0.6961325966850821 0.4585635359116031 1.3591160220994472 
0.9999999999999994 0.1 -0.049999999999999156 1.7000000000000002 0.01 -0.31000000000000005 -0.14900000000000002 0.8819875776397508 0.4409937888198768 1.6832298136645953 
0.9999999999999994 0.1 0.05000000000000093 1.55 0.01 -0.41999999999999993 -0.30799999999999983 2.767857142857141 3.0714285714285676 0.32142857142857145 
0.9999999999999994 0.31622776601683794 -0.1999999999999993 1.55 0.01 -0.476 -0.42399999999999993 8.230769230769223 8.730769230769226 0.5576923076923056 
0.9999999999999994 0.31622776601683794 -0.1999999999999993 1.6 0.01 -0.48999999999999977 -0.46499999999999986 18.360000000000067 16.920000000000062 2.2800000000000056 
0.9999999999999994 0.31622776601683794 -0.14999999999999925 1.1 0.01 -0.5979999999999999 -0.5059999999999998 4.608695652173909 1.7065217391304335 6.945652173913035 
0.9999999999999994 0.31622776601683794 -0.14999999999999925 1.1500000000000001 0.01 -0.593 -0.5289999999999999 6.7187499999999964 2.5781249999999982 9.859374999999988 
0.9999999999999994 0.31622776601683794 -0.14999999999999925 1.4500000000000002 0.01 -0.46599999999999975 -0.2589999999999999 1.3381642512077312 2.1835748792270544 0.1690821256038634 
0.9999999999999994 0.31622776601683794 -0.14999999999999925 1.5 0.01 -0.46899999999999986 -0.29700000000000015 1.7906976744186092 2.3895348837209345 0.4069767441860463 
0.9999999999999994 0.31622776601683794 -0.14999999999999925 1.55 0.01 -0.4750000000000001 -0.3380000000000001 2.4890510948905122 2.7153284671532836 0.7737226277372253 
0.9999999999999994 0.31622776601683794 -0.14999999999999925 1.6 0.01 -0.4830000000000001 -0.3820000000000001 3.7425742574257446 3.316831683168317 1.4158415841584184 
0.9999999999999994 0.31622776601683794 -0.14999999999999925 1.6500000000000001 0.01 -0.4939999999999998 -0.43000000000000016 6.531250000000042 4.718750000000029 2.781250000000016 
0.9999999999999994 0.31622776601683794 -0.14999999999999925 1.7000000000000002 0.01 -0.5070000000000001 -0.4790000000000001 16.39285714285713 9.749999999999996 7.607142857142853 
0.9999999999999994 0.31622776601683794 -0.14999999999999925 2.0500000000000003 0.01 -0.7149999999999999 -0.07600000000000007 0.24256651017214445 0.65414710485133 0.1627543035993742 
0.9999999999999994 0.31622776601683794 -0.0999999999999992 1.4500000000000002 0.01 -0.48099999999999987 -0.05899999999999972 0.3222748815165868 0.6540284360189577 0.33412322274881506 
0.9999999999999994 0.31622776601683794 -0.0999999999999992 1.5 0.01 -0.4790000000000001 -0.10099999999999998 0.4814814814814812 0.5529100529100529 0.5185185185185188 
0.9999999999999994 0.31622776601683794 -0.0999999999999992 1.55 0.01 -0.4790000000000001 -0.10000000000000009 0.4960422163588395 0.35092348284960423 0.6860158311345641 
0.9999999999999994 0.31622776601683794 -0.0999999999999992 1.6 0.01 -0.48199999999999976 -0.23399999999999999 0.5967741935483881 0.766129032258065 1.5120967741935498 
0.9999999999999994 0.31622776601683794 -0.0999999999999992 1.6500000000000001 0.01 -0.4870000000000001 -0.2999999999999998 1.176470588235291 0.9304812834224582 2.0588235294117627 
0.9999999999999994 0.31622776601683794 -0.0999999999999992 1.7000000000000002 0.01 -0.4950000000000001 -0.363 2.166666666666665 0.9621212121212129 3.2727272727272694 
0.9999999999999994 0.31622776601683794 -0.049999999999999156 1.25 0.01 -0.6339999999999999 -0.46799999999999997 3.7469879518072298 1.9578313253012067 0.28313253012048295 
0.9999999999999994 0.31622776601683794 -0.049999999999999156 1.85 0.01 -0.5139999999999998 -0.403 2.0900900900900963 6.252252252252265 0.5225225225225221 
0.9999999999999994 0.31622776601683794 -0.049999999999999156 1.9000000000000001 0.01 -0.5289999999999999 -0.4929999999999999 9.499999999999995 16.9722222222222 4.916666666666663 
0.9999999999999994 1.0 -0.24999999999999933 1.4000000000000001 0.01 -0.5749999999999997 -0.5059999999999998 7.10144927536232 1.449275362318843 10.347826086956529 
0.9999999999999994 1.0 -0.24999999999999933 1.4500000000000002 0.01 -0.5939999999999999 -0.577 32.35294117647076 5.9411764705882675 41.5882352941179 
0.9999999999999994 1.0 -0.24999999999999933 1.7000000000000002 0.01 -0.7850000000000001 -0.07600000000000007 0.1424541607898448 0.7616361071932298 0.036671368124118815 
0.9999999999999994 1.0 -0.1999999999999993 1.4500000000000002 0.01 -0.5819999999999999 -0.43000000000000016 1.8552631578947407 1.8092105263157956 4.078947368421058 
0.9999999999999994 1.0 -0.1999999999999993 1.5 0.01 -0.5989999999999998 -0.5339999999999998 6.138461538461544 4.0153846153846136 8.87692307692309 
0.9999999999999994 1.0 -0.1999999999999993 1.6 0.01 -0.6629999999999998 -0.1259999999999999 0.4748603351955306 0.8919925512104286 0.014897579143389215 
0.9999999999999994 1.0 -0.1999999999999993 1.6500000000000001 0.01 -0.7109999999999999 -0.1259999999999999 0.4478632478632479 0.6547008547008547 0.13162393162393157 
0.9999999999999994 1.0 -0.1999999999999993 1.7000000000000002 0.01 -0.754 -0.12699999999999978 0.4433811802232854 0.41467304625199314 0.2695374800637958 
0.9999999999999994 1.0 -0.14999999999999925 1.55 0.01 -0.6019999999999999 -0.347 2.4000000000000012 1.1098039215686275 0.2745098039215681 
0.9999999999999994 1.0 -0.14999999999999925 1.6 0.01 -0.621 -0.5699999999999998 6.13725490196076 11.921568627450945 4.8627450980392055 
0.9999999999999994 1.0 0.15000000000000102 1.55 0.01 -0.6179999999999999 -0.548 4.042857142857151 8.742857142857165 3.6428571428571495 
0.9999999999999994 1.0 0.15000000000000102 1.6 0.01 -0.5989999999999998 -0.351 2.451612903225809 1.2620967741935503 0.2056451612903216 
0.9999999999999994 1.0 0.20000000000000107 1.4500000000000002 0.01 -0.7469999999999999 -0.12699999999999978 0.44354838709677397 0.4548387096774193 0.24516129032258083 
0.9999999999999994 1.0 0.20000000000000107 1.5 0.01 -0.7029999999999998 -0.1259999999999999 0.4523396880415947 0.6915077989601387 0.11265164644714029 
0.9999999999999994 1.0 0.20000000000000107 1.6 0.01 -0.6160000000000001 -0.6080000000000001 59.87499999999996 31.874999999999957 67.12499999999999 
0.9999999999999994 1.0 0.20000000000000107 1.6500000000000001 0.01 -0.5960000000000001 -0.5179999999999998 4.897435897435875 3.3589743589743466 7.499999999999977 
0.9999999999999994 1.0 0.20000000000000107 1.7000000000000002 0.01 -0.5800000000000001 -0.41100000000000003 1.5384615384615394 1.6449704142011832 3.710059171597631 
0.9999999999999994 1.0 0.2500000000000011 1.4000000000000001 0.01 -0.798 -0.08400000000000007 0.14005602240896373 0.6862745098039219 0.09663865546218481 
0.9999999999999994 1.0 0.2500000000000011 1.4500000000000002 0.01 -0.7810000000000001 -0.07399999999999984 0.14285714285714277 0.7779349363507774 0.0240452616690239 
0.9999999999999994 1.0 0.2500000000000011 1.7000000000000002 0.01 -0.5909999999999997 -0.565 20.76923076923093 3.8846153846154134 27.26923076923098 
3.162277660168376 0.31622776601683794 -0.049999999999999156 3.0500000000000003 0.01 -0.7170000000000001 -0.6869999999999998 0.6333333333333175 1.466666666666656 93.79999999999924 
3.162277660168376 0.31622776601683794 0.10000000000000098 3.1 0.01 -0.7109999999999999 2.04 0.027262813522355572 0.02798982188295164 0.007633587786259509 
3.162277660168376 0.31622776601683794 0.20000000000000107 0.1 0.01 -2.227 -2.174 1.3018867924528308 0.7924528301886851 52.50943396226421 
3.162277660168376 1.0 -0.24999999999999933 2.95 0.01 -1.454 -1.414 1.5249999999999972 1.0749999999999973 69.44999999999995 
3.162277660168376 1.0 -0.0999999999999992 3.0500000000000003 0.01 -1.4789999999999999 -1.428 0.5294117647058814 2.5686274509803955 53.56862745098046 
3.162277660168376 1.0 -0.049999999999999156 0.05 0.01 -1.446 1.2830000000000004 0.03884206669109559 0.01722242579699513 0.019421033345547796 
3.162277660168376 1.0 -0.049999999999999156 3.1 0.01 -1.4829999999999999 -1.447 2.4166666666666847 0.7222222222222205 77.13888888888931 
3.162277660168376 1.0 0.05000000000000093 0.05 0.01 -1.4889999999999999 -1.436 0.8867924528301885 2.000000000000004 51.4905660377359 
3.162277660168376 1.0 0.05000000000000093 3.1 0.01 -1.443 1.3340000000000005 0.009362621534029454 0.03132877205617563 0.012963629816348427 
3.162277660168376 1.0 0.10000000000000098 3.0500000000000003 0.01 -1.462 1.2700000000000005 0.04795021961932625 0.009882869692532992 0.01866764275256228 
3.162277660168376 1.0 0.2500000000000011 2.95 0.01 -1.468 1.3100000000000005 0.015478761699063806 0.021958243340532733 0.014398848092152639 
0.39810717055349715 1.0 -0.049999999999999156 1.55 0.001 -2.319 -2.298 0.9523809523809574 108.14285714285761 0.761904761904766 
0.39810717055349715 1.0 0.05000000000000093 1.55 0.001 -0.008999999999999897 0.007000000000000117 141.9374999999999 1.2499999999999722 1.3124999999999931 
1.5848931924611125 0.001 0.05000000000000093 0.05 0.001 -0.9819999999999998 -0.9739999999999998 5.124999999999986 3.5 113.3749999999999 
1.5848931924611125 0.001 0.10000000000000098 0.1 0.001 -0.984 -0.9649999999999999 1.5789473684210318 2.368421052631559 46.94736842105233 
1.5848931924611125 0.001 0.5500000000000014 0.6000000000000001 0.001 -0.806 -0.798 1.5 1.2500000000000278 97.24999999999991 
1.5848931924611125 0.0031622776601683794 0.05000000000000093 3.1 0.001 -0.005999999999999783 0.835 0.10939357907253283 0.05469678953626615 0.06064209274673029 
1.5848931924611125 0.0031622776601683794 0.3500000000000012 0.4 0.001 -0.891 -0.8649999999999998 1.307692307692288 0.1923076923076864 31.99999999999971 
1.5848931924611125 0.0031622776601683794 0.5500000000000014 0.65 0.001 -0.778 -0.7749999999999999 13.999999999999408 4.666666666666568 241.99999999999082 
1.5848931924611125 0.0031622776601683794 0.6000000000000014 0.65 0.001 -0.7909999999999999 -0.7850000000000001 7.16666666666695 0.8333333333333457 124.16666666667118 
1.5848931924611125 0.0031622776601683794 0.7000000000000015 2.35 0.001 -0.009999999999999787 0.6440000000000001 0.0030581039755348317 0.05198776758409825 0.02446483180428137 
1.5848931924611125 0.01 0.05000000000000093 0.05 0.001 -1.034 -1.019 10.333333333333249 5.599999999999959 53.26666666666622 
1.5848931924611125 0.01 0.20000000000000107 2.9000000000000004 0.001 -0.017999999999999794 0.81 0.0060386473429950415 0.0458937198067636 0.11111111111111123 
1.5848931924611125 0.01 0.40000000000000124 2.6500000000000004 0.001 -0.020000000000000018 0.7429999999999999 0.01572739187418088 0.12319790301441719 0.01703800786369581 
1.5848931924611125 0.01 0.4500000000000013 0.55 0.001 -0.8369999999999997 -0.8210000000000002 4.1875000000001235 1.7500000000000486 46.62500000000125 
1.5848931924611125 0.01 0.6500000000000015 0.7000000000000001 0.001 -0.7770000000000001 -0.7589999999999999 3.4444444444443896 0.6666666666666584 39.388888888888374 
1.5848931924611125 0.01 0.6500000000000015 2.45 0.001 -0.02400000000000002 0.6890000000000001 0.0028050490883593598 0.12762973352033624 0.0070126227208974655 
1.5848931924611125 0.01 0.7500000000000016 0.8500000000000001 0.001 -0.6669999999999998 -0.637 1.8666666666666805 0.10000000000000445 20.300000000000132 
1.5848931924611125 0.01 0.8000000000000016 2.2 0.001 -0.03799999999999981 0.5070000000000001 0.005504587155963512 0.0715596330275224 0.08256880733944942 
1.5848931924611125 0.01 0.8500000000000016 1.05 0.001 -0.504 -0.43699999999999983 0.1940298507462667 0.08955223880596669 6.999999999999987 
1.5848931924611125 0.03162277660168379 8.881784197001252e-16 0.1 0.001 -0.9390000000000001 -0.9239999999999999 58.39999999999951 5.599999999999959 0.5333333333333294 
1.5848931924611125 0.03162277660168379 8.881784197001252e-16 3.0500000000000003 0.001 -0.04400000000000004 -0.03699999999999992 12.428571428571248 123.71428571428359 3.5714285714285623 
1.5848931924611125 0.03162277660168379 0.05000000000000093 0.1 0.001 -1.121 -0.9659999999999997 0.8387096774193528 2.0451612903225755 3.7548387096774154 
1.5848931924611125 0.03162277660168379 0.05000000000000093 3.0500000000000003 0.001 -0.06299999999999972 0.5660000000000003 0.389507154213036 0.25914149443561246 0.22575516693163666 
1.5848931924611125 0.03162277660168379 0.10000000000000098 0.15000000000000002 0.001 -1.107 -0.964 1.2307692307692317 0.8811188811188803 5.027972027972027 
1.5848931924611125 0.03162277660168379 0.20000000000000107 2.85 0.001 -0.05600000000000005 0.6630000000000003 0.01390820584144615 0.25312934631432527 0.09735744089012553 
1.5848931924611125 0.03162277660168379 0.2500000000000011 0.35000000000000003 0.001 -0.911 -0.8399999999999999 1.7887323943661897 0.549295774647888 10.281690140845045 
1.5848931924611125 0.03162277660168379 0.30000000000000115 2.7 0.001 -0.05600000000000005 0.6310000000000002 0.013100436681222552 0.35662299854439594 0.0029112081513825022 
1.5848931924611125 0.03162277660168379 0.3500000000000012 2.6500000000000004 0.001 -0.05699999999999994 0.6419999999999999 0.05007153075822625 0.26037195994277534 0.014306151645207772 
1.5848931924611125 0.03162277660168379 0.40000000000000124 0.55 0.001 -0.847 -0.8359999999999999 13.272727272727119 4.909090909090839 63.09090909090843 
1.5848931924611125 0.03162277660168379 0.40000000000000124 2.6 0.001 -0.05799999999999983 0.645 0.10526315789473664 0.14224751066856345 0.042674253200569355 
1.5848931924611125 0.03162277660168379 0.40000000000000124 2.75 0.001 -0.05799999999999983 0.7989999999999999 0.14352392065344255 0.049008168028004465 0.007001166861143791 
1.5848931924611125 0.03162277660168379 0.4500000000000013 0.6000000000000001 0.001 -0.8239999999999998 -0.7679999999999998 0.2678571428571369 2.142857142857143 12.357142857142849 
1.5848931924611125 0.03162277660168379 0.5000000000000013 0.5 0.001 -0.9180000000000001 -0.9060000000000001 5.0833333333333615 7.333333333333297 67.99999999999996 
1.5848931924611125 0.03162277660168379 0.5500000000000014 2.4000000000000004 0.001 -0.06499999999999995 0.573 0.15673981191222586 0.12225705329153583 0.010971786833855985 
1.5848931924611125 0.03162277660168379 0.7000000000000015 0.75 0.001 -0.7589999999999999 -0.7309999999999999 3.535714285714274 0.8214285714285754 24.21428571428569 
1.5848931924611125 0.03162277660168379 0.7000000000000015 2.4000000000000004 0.001 -0.06899999999999995 0.6139999999999999 0.016105417276720532 0.19033674963396768 0.02049780380673534 
1.5848931924611125 0.1 -0.0999999999999992 1.05 0.001 -0.016999999999999904 0.03500000000000014 0.32692307692307476 0.13461538461538675 2.5769230769230727 
1.5848931924611125 0.1 -0.0999999999999992 1.4500000000000002 0.001 -0.05899999999999972 -0.008000000000000007 0.8235294117647156 1.0 0.15686274509804024 
1.5848931924611125 0.1 -0.0999999999999992 1.5 0.001 -0.06599999999999984 -0.020000000000000018 1.1739130434782714 0.7173913043478272 0.39130434782608403 
1.5848931924611125 0.1 -0.0999999999999992 1.6500000000000001 0.001 -0.08599999999999985 -0.06999999999999984 2.25 3.25 2.8749999999999862 
1.5848931924611125 0.1 -0.0999999999999992 1.7000000000000002 0.001 -0.09499999999999975 -0.08800000000000008 7.714285714286113 5.714285714285986 7.428571428571782 
1.5848931924611125 0.1 -0.0999999999999992 2.1 0.001 -0.19399999999999995 -0.06000000000000005 0.03731343283582013 0.15671641791045052 0.3805970149253713 
1.5848931924611125 0.1 -0.049999999999999156 0.1 0.001 -0.8999999999999999 -0.8519999999999999 18.18749999999998 1.5833333333333333 0.8541666666666644 
1.5848931924611125 0.1 -0.049999999999999156 3.0 0.001 -0.13600000000000012 -0.09499999999999975 1.902439024390223 22.195121951219317 0.12195121951219143 
1.5848931924611125 0.1 -0.049999999999999156 3.0500000000000003 0.001 -0.1379999999999999 -0.09699999999999998 1.8292682926829344 21.048780487804915 1.4878048780487818 
1.5848931924611125 0.1 8.881784197001252e-16 0.15000000000000002 0.001 -0.903 -0.8409999999999997 11.354838709677365 3.935483870967728 0.40322580645160966 
1.5848931924611125 0.1 8.881784197001252e-16 0.2 0.001 -0.8999999999999999 -0.8969999999999998 260.9999999999901 73.33333333333047 8.66666666666642 
1.5848931924611125 0.1 8.881784197001252e-16 2.95 0.001 -0.13200000000000012 -0.10599999999999987 8.615384615384524 29.692307692307423 0.34615384615383893 
1.5848931924611125 0.1 8.881784197001252e-16 3.0 0.001 -0.13200000000000012 -0.10699999999999976 9.959999999999845 27.439999999999625 3.0799999999999543 
1.5848931924611125 0.1 0.05000000000000093 0.1 0.001 -1.115 -0.9590000000000001 3.820512820512823 2.698717948717952 0.33974358974358954 
1.5848931924611125 0.1 0.05000000000000093 3.0500000000000003 0.001 -0.10999999999999988 -0.05600000000000005 8.240740740740772 10.703703703703736 2.6296296296296364 
1.5848931924611125 0.1 0.10000000000000098 0.30000000000000004 0.001 -0.8929999999999998 -0.8799999999999999 39.153846153846445 7.076923076923137 34.8461538461541 
1.5848931924611125 0.1 0.10000000000000098 2.85 0.001 -0.17499999999999982 0.28800000000000026 0.20518358531317438 1.0518358531317495 0.049676025917926844 
1.5848931924611125 0.1 0.10000000000000098 2.9000000000000004 0.001 -0.17499999999999982 0.3500000000000001 0.27809523809523795 0.5142857142857145 0.2590476190476193 
1.5848931924611125 0.1 0.15000000000000102 0.30000000000000004 0.001 -0.8940000000000001 -0.698 0.21428571428571316 1.168367346938775 3.0204081632653037 
1.5848931924611125 0.1 0.15000000000000102 0.35000000000000003 0.001 -0.8860000000000001 -0.8639999999999999 17.909090909090718 4.590909090909039 24.090909090908816 
1.5848931924611125 0.1 0.15000000000000102 2.8000000000000003 0.001 -0.16199999999999992 0.3780000000000001 0.20370370370370347 0.6722222222222222 0.06666666666666672 
1.5848931924611125 0.1 0.20000000000000107 0.4 0.001 -0.8769999999999998 -0.8399999999999999 7.621621621621639 3.567567567567566 15.72972972972977 
1.5848931924611125 0.1 0.20000000000000107 2.75 0.001 -0.15700000000000003 0.43400000000000016 0.2504230118443318 0.4043993231810487 0.0947546531302877 
1.5848931924611125 0.1 0.2500000000000011 0.45 0.001 -0.8639999999999999 -0.7970000000000002 2.2238805970149347 2.7611940298507585 9.223880597014968 
1.5848931924611125 0.1 0.2500000000000011 2.7 0.001 -0.1549999999999998 0.4710000000000001 0.383386581469649 0.046325878594249074 0.19968051118210867 
1.5848931924611125 0.1 0.30000000000000115 2.6 0.001 -0.15200000000000014 0.4490000000000003 0.2379367720465885 0.4226289517470879 0.004991680532446109 
1.5848931924611125 0.1 0.3500000000000012 0.6000000000000001 0.001 -0.8289999999999997 -0.8239999999999998 40.0000000000008 33.200000000000784 122.00000000000257 
1.5848931924611125 0.1 0.3500000000000012 2.5500000000000003 0.001 -0.15300000000000002 0.46499999999999986 0.2977346278317155 0.262135922330097 0.0275080906148873 
1.5848931924611125 0.1 0.3500000000000012 2.8000000000000003 0.001 -0.16000000000000014 0.7050000000000001 0.2855491329479767 0.033526011560693535 0.005780346820809638 
1.5848931924611125 0.1 0.40000000000000124 0.65 0.001 -0.8050000000000002 -0.774 2.8064516129032193 7.161290322580612 19.935483870967648 
1.5848931924611125 0.1 0.5000000000000013 0.5 0.001 -0.9169999999999998 -0.9119999999999999 18.400000000000407 30.80000000000064 165.40000000000353 
1.5848931924611125 0.1 0.5000000000000013 2.35 0.001 -0.1549999999999998 0.42799999999999994 0.3842195540308753 0.15951972555746144 0.0051457975986279846 
1.5848931924611125 0.1 0.6500000000000015 2.45 0.001 -0.1589999999999998 0.5640000000000001 0.149377593360996 0.10926694329183921 0.059474412171507826 
1.5848931924611125 0.1 0.7000000000000015 0.75 0.001 -0.758 -0.7370000000000001 7.5714285714286165 2.5238095238095317 32.42857142857157 
1.5848931924611125 0.1 0.7000000000000015 2.4000000000000004 0.001 -0.15600000000000014 0.5310000000000001 0.059679767103347756 0.2707423580786024 0.013100436681222552 
1.5848931924611125 0.31622776601683794 -0.2999999999999994 1.3 0.001 -0.09299999999999997 -0.07200000000000006 7.3333333333333615 0.1428571428571489 12.476190476190531 
1.5848931924611125 0.31622776601683794 -0.2999999999999994 1.35 0.001 -0.10999999999999988 -0.09399999999999986 9.874999999999986 0.3750000000000139 15.812499999999964 
1.5848931924611125 0.31622776601683794 -0.2999999999999994 1.4000000000000001 0.001 -0.1280000000000001 -0.11799999999999988 16.399999999999636 0.9999999999999556 23.999999999999467 
1.5848931924611125 0.31622776601683794 -0.2999999999999994 1.4500000000000002 0.001 -0.1469999999999998 -0.1429999999999998 42.999999999999886 3.5000000000000555 56.24999999999997 
1.5848931924611125 0.31622776601683794 -0.2999999999999994 1.7000000000000002 0.001 -0.27300000000000013 -0.04499999999999993 0.057017543859648634 0.7456140350877183 0.021929824561404968 
1.5848931924611125 0.31622776601683794 -0.2999999999999994 1.75 0.001 -0.30100000000000016 -0.05899999999999972 0.04132231404958582 0.6735537190082624 0.04545454545454587 
1.5848931924611125 0.31622776601683794 -0.2999999999999994 1.8 0.001 -0.32799999999999985 -0.07299999999999995 0.023529411764706784 0.6156862745098025 0.06666666666666805 
1.5848931924611125 0.31622776601683794 -0.2999999999999994 1.85 0.001 -0.351 -0.08699999999999974 0.007575757575756735 0.5833333333333325 0.08333333333333418 
1.5848931924611125 0.31622776601683794 -0.14999999999999925 0.0 0.001 -1.042 -0.7770000000000001 0.6301886792452842 3.1622641509433977 0.1584905660377352 
1.5848931924611125 0.31622776601683794 -0.14999999999999925 0.1 0.001 -0.778 -0.746 28.656249999999982 2.4999999999999862 3.25 
1.5848931924611125 0.31622776601683794 -0.14999999999999925 3.0 0.001 -0.35699999999999976 -0.24399999999999977 0.814159292035395 8.309734513274337 0.01769911504424977 
1.5848931924611125 0.31622776601683794 -0.14999999999999925 3.0500000000000003 0.001 -0.3540000000000001 -0.2519999999999998 0.7450980392156803 8.94117647058821 0.3921568627450972 
1.5848931924611125 0.31622776601683794 -0.0999999999999992 0.1 0.001 -0.782 -0.6539999999999999 5.414062499999996 1.6953124999999991 0.7812499999999966 
1.5848931924611125 0.31622776601683794 -0.0999999999999992 0.15000000000000002 0.001 -0.7829999999999999 -0.7319999999999998 14.92156862745093 4.450980392156855 1.8431372549019525 
1.5848931924611125 0.31622776601683794 -0.0999999999999992 0.2 0.001 -0.7949999999999999 -0.7909999999999999 202.7499999999998 59.49999999999994 20.75000000000003 
1.5848931924611125 0.31622776601683794 -0.0999999999999992 2.95 0.001 -0.34299999999999997 -0.258 2.7764705882352976 9.470588235294118 0.10588235294118052 
1.5848931924611125 0.31622776601683794 -0.0999999999999992 3.0 0.001 -0.351 -0.2559999999999998 2.3789473684210476 7.894736842105247 0.6631578947368378 
1.5848931924611125 0.31622776601683794 -0.0999999999999992 3.0500000000000003 0.001 -0.35699999999999976 -0.2570000000000001 2.1600000000000095 6.800000000000026 1.430000000000003 
1.5848931924611125 0.31622776601683794 -0.049999999999999156 0.05 0.001 -1.022 -0.8140000000000001 2.899038461538463 2.3413461538461546 0.33653846153846084 
1.5848931924611125 0.31622776601683794 -0.049999999999999156 0.15000000000000002 0.001 -0.7869999999999999 -0.5960000000000001 2.204188481675396 2.4921465968586407 0.09947643979057667 
1.5848931924611125 0.31622776601683794 -0.049999999999999156 0.2 0.001 -0.7869999999999999 -0.7069999999999999 7.087499999999991 5.424999999999997 0.3750000000000028 
1.5848931924611125 0.31622776601683794 -0.049999999999999156 0.25 0.001 -0.7959999999999998 -0.7810000000000001 44.1333333333343 26.80000000000055 3.000000000000089 
1.5848931924611125 0.31622776601683794 -0.049999999999999156 2.9000000000000004 0.001 -0.32799999999999985 -0.28500000000000014 9.465116279069832 15.093023255814057 0.5116279069767533 
1.5848931924611125 0.31622776601683794 -0.049999999999999156 2.95 0.001 -0.32299999999999995 -0.29700000000000015 16.961538461538602 21.038461538461707 3.6538461538461724 
1.5848931924611125 0.31622776601683794 -0.049999999999999156 3.0 0.001 -0.32399999999999984 -0.29700000000000015 17.851851851852064 14.333333333333497 8.0000000000001 
1.5848931924611125 0.31622776601683794 -0.049999999999999156 3.0500000000000003 0.001 -0.3380000000000001 -0.28200000000000003 10.767857142857137 8.517857142857133 4.071428571428563 
1.5848931924611125 0.31622776601683794 8.881784197001252e-16 0.25 0.001 -0.7879999999999998 -0.6560000000000001 2.4696969696969764 4.583333333333345 0.5378787878787905 
1.5848931924611125 0.31622776601683794 8.881784197001252e-16 0.30000000000000004 0.001 -0.794 -0.7629999999999999 16.225806451612833 17.290322580645086 2.161290322580627 
1.5848931924611125 0.31622776601683794 8.881784197001252e-16 2.85 0.001 -0.34399999999999986 -0.2759999999999998 8.014705882352933 7.073529411764698 0.6176470588235327 
1.5848931924611125 0.31622776601683794 8.881784197001252e-16 2.9000000000000004 0.001 -0.3460000000000001 -0.2749999999999999 8.788732394366177 3.9436619718309736 2.2394366197183078 
1.5848931924611125 0.31622776601683794 0.05000000000000093 0.4 0.001 -0.806 -0.32799999999999985 1.1297071129707108 0.1359832635983262 0.09623430962343055 
1.5848931924611125 0.31622776601683794 0.05000000000000093 2.75 0.001 -0.31899999999999995 -0.2469999999999999 8.124999999999993 6.40277777777777 0.02777777777778086 
1.5848931924611125 0.31622776601683794 0.10000000000000098 0.1 0.001 -0.9500000000000002 -0.8959999999999999 12.314814814814754 6.833333333333295 2.555555555555549 
1.5848931924611125 0.31622776601683794 0.10000000000000098 0.15000000000000002 0.001 -0.9699999999999998 -0.863 6.607476635514032 3.2242990654205697 0.9065420560747681 
1.5848931924611125 0.31622776601683794 0.10000000000000098 0.2 0.001 -0.984 -0.8260000000000001 4.55063291139241 2.234177215189873 0.3291139240506334 
1.5848931924611125 0.31622776601683794 0.10000000000000098 0.25 0.001 -0.9739999999999998 -0.8029999999999999 4.251461988304097 2.1929824561403533 0.08771929824561485 
1.5848931924611125 0.31622776601683794 0.10000000000000098 0.45 0.001 -0.7949999999999999 -0.7890000000000001 59.83333333333549 68.16666666666917 69.83333333333586 
1.5848931924611125 0.31622776601683794 0.10000000000000098 2.7 0.001 -0.3969999999999998 0.02300000000000013 1.0047619047619052 0.7880952380952382 0.03809523809523813 
1.5848931924611125 0.31622776601683794 0.10000000000000098 2.9000000000000004 0.001 -0.31099999999999994 -0.2909999999999999 18.549999999999983 36.29999999999997 8.6 
1.5848931924611125 0.31622776601683794 0.10000000000000098 2.95 0.001 -0.2959999999999998 -0.23599999999999977 5.8166666666666575 11.966666666666656 2.533333333333333 
1.5848931924611125 0.31622776601683794 0.10000000000000098 3.0 0.001 -0.2839999999999998 -0.17899999999999983 3.285714285714284 6.723809523809525 0.8857142857142898 
1.5848931924611125 0.31622776601683794 0.15000000000000102 0.0 0.001 -1.042 -0.7770000000000001 0.6301886792452842 3.1622641509433977 0.1584905660377352 
1.5848931924611125 0.31622776601683794 0.15000000000000102 0.05 0.001 -1.03 -0.7909999999999999 1.0878661087866095 3.3096234309623433 0.09205020920502004 
1.5848931924611125 0.31622776601683794 0.15000000000000102 0.1 0.001 -1.001 -0.8170000000000002 1.9782608695652222 4.054347826086962 0.027173913043477722 
1.5848931924611125 0.31622776601683794 0.15000000000000102 0.5 0.001 -0.782 -0.754 7.892857142857139 14.857142857142842 18.214285714285705 
1.5848931924611125 0.31622776601683794 0.15000000000000102 2.6500000000000004 0.001 -0.395 0.1200000000000001 0.8543689320388347 0.32815533980582523 0.09902912621359251 
1.5848931924611125 0.31622776601683794 0.15000000000000102 3.0500000000000003 0.001 -0.29499999999999993 -0.2869999999999999 94.12499999999993 43.12499999999993 24.499999999999943 
1.5848931924611125 0.31622776601683794 0.15000000000000102 3.1 0.001 -0.2799999999999998 -0.254 30.692307692307928 9.384615384615465 9.461538461538517 
1.5848931924611125 0.31622776601683794 0.2500000000000011 2.5 0.001 -0.355 0.20000000000000018 0.7279279279279276 0.2630630630630628 0.01981981981982003 
1.5848931924611125 1.0 -0.5499999999999996 1.35 0.001 -0.13099999999999978 -0.04599999999999982 0.49411764705882155 2.0941176470588236 3.7058823529411775 
1.5848931924611125 1.0 -0.5499999999999996 1.4000000000000001 0.001 -0.1629999999999998 -0.10699999999999976 1.4642857142857104 3.178571428571425 5.374999999999998 
1.5848931924611125 1.0 -0.5499999999999996 1.4500000000000002 0.001 -0.19599999999999973 -0.16800000000000015 4.428571428571499 6.35714285714295 9.928571428571578 
1.5848931924611125 1.0 -0.5499999999999996 1.5 0.001 -0.23199999999999976 -0.22699999999999987 33.00000000000071 35.400000000000766 50.000000000001066 
1.5848931924611125 1.0 -0.5499999999999996 1.6500000000000001 0.001 -0.3729999999999998 -0.11799999999999988 0.694117647058824 0.6196078431372548 0.035294117647058434 
1.5848931924611125 1.0 -0.5499999999999996 1.7000000000000002 0.001 -0.41900000000000004 -0.137 0.6312056737588649 0.41489361702127653 0.11347517730496463 
1.5848931924611125 1.0 -0.5499999999999996 1.75 0.001 -0.46099999999999985 -0.15700000000000003 0.5888157894736854 0.24342105263157857 0.20065789473684204 
1.5848931924611125 1.0 -0.5499999999999996 1.8 0.001 -0.4939999999999998 -0.17700000000000005 0.555205047318613 0.11987381703469982 0.28075709779179825 
1.5848931924611125 1.0 -0.1999999999999993 0.05 0.001 -0.536 -0.4830000000000001 16.207547169811342 2.64150943396227 3.9245283018868005 
1.5848931924611125 1.0 -0.1999999999999993 0.1 0.001 -0.552 -0.536 53.87499999999996 11.624999999999986 13.187499999999979 
1.5848931924611125 1.0 -0.1999999999999993 3.0500000000000003 0.001 -0.7239999999999998 -0.5129999999999999 0.8483412322274879 4.0805687203791505 0.104265402843601 
1.5848931924611125 1.0 -0.1999999999999993 3.1 0.001 -0.7229999999999999 -0.5169999999999999 0.6456310679611652 4.165048543689322 0.28640776699028997 
1.5848931924611125 1.0 -0.14999999999999925 0.1 0.001 -0.5419999999999998 -0.4289999999999998 5.371681415929202 3.1504424778761093 1.5575221238938028 
1.5848931924611125 1.0 -0.14999999999999925 0.15000000000000002 0.001 -0.5539999999999998 -0.4990000000000001 11.636363636363699 7.363636363636406 2.6363636363636505 
1.5848931924611125 1.0 -0.14999999999999925 0.2 0.001 -0.573 -0.5609999999999999 56.083333333333286 38.083333333333286 7.916666666666676 
1.5848931924611125 1.0 -0.14999999999999925 2.95 0.001 -0.669 -0.5640000000000001 4.266666666666667 6.352380952380956 0.1714285714285695 
1.5848931924611125 1.0 -0.14999999999999925 3.0 0.001 -0.6949999999999998 -0.5430000000000001 2.6118421052631646 4.171052631578955 0.4210526315789486 
1.5848931924611125 1.0 -0.14999999999999925 3.0500000000000003 0.001 -0.7119999999999997 -0.5329999999999999 1.9441340782122916 3.3631284916201167 0.6871508379888263 
1.5848931924611125 1.0 -0.0999999999999992 0.0 0.001 -0.7159999999999997 -0.5449999999999999 3.1871345029239797 3.1871345029239797 1.0000000000000027 
1.5848931924611125 1.0 -0.0999999999999992 0.05 0.001 -0.7199999999999998 -0.5409999999999999 2.553072625698326 3.5698324022346415 0.8324022346368725 
1.5848931924611125 1.0 -0.0999999999999992 0.1 0.001 -0.7119999999999997 -0.5409999999999999 2.257309941520471 4.257309941520471 0.6491228070175458 
1.5848931924611125 1.0 -0.0999999999999992 0.2 0.001 -0.5550000000000002 -0.4079999999999999 1.999999999999997 4.8231292517006725 0.4353741496598636 
1.5848931924611125 1.0 -0.0999999999999992 0.25 0.001 -0.569 -0.5139999999999998 7.727272727272702 11.999999999999968 1.7636363636363581 
1.5848931924611125 1.0 -0.0999999999999992 0.30000000000000004 0.001 -0.5899999999999999 -0.5859999999999999 127.24999999999986 158.24999999999986 28.24999999999997 
1.5848931924611125 1.0 -0.0999999999999992 2.85 0.001 -0.669 -0.5579999999999998 5.729729729729716 4.48648648648648 0.090090090090088 
1.5848931924611125 1.0 -0.0999999999999992 2.9000000000000004 0.001 -0.6669999999999998 -0.5749999999999997 7.249999999999991 4.423913043478257 0.7282608695652186 
1.5848931924611125 1.0 -0.0999999999999992 2.95 0.001 -0.657 -0.6000000000000001 12.649122807017559 4.649122807017551 2.9298245614035086 
1.5848931924611125 1.0 -0.0999999999999992 3.0500000000000003 0.001 -0.6880000000000002 -0.569 5.991596638655452 3.3361344537815047 1.4621848739495766 
1.5848931924611125 1.0 -0.0999999999999992 3.1 0.001 -0.7069999999999999 -0.552 4.019354838709684 3.0322580645161312 1.1548387096774226 
1.5848931924611125 1.0 -0.049999999999999156 0.35000000000000003 0.001 -0.5800000000000001 -0.5289999999999999 5.137254901960769 15.960784313725442 2.0980392156862635 
1.5848931924611125 1.0 -0.049999999999999156 0.55 0.001 -0.681 -0.1509999999999998 1.1169811320754712 0.27169811320754644 0.018867924528302313 
1.5848931924611125 1.0 -0.049999999999999156 2.6 0.001 -0.5899999999999999 -0.5550000000000002 2.3428571428571714 17.885714285714435 15.05714285714299 
1.5848931924611125 1.0 -0.049999999999999156 2.8000000000000003 0.001 -0.6589999999999998 -0.5470000000000002 7.401785714285738 2.017857142857149 0.61607142857143 
1.5848931924611125 1.0 0.05000000000000093 0.35000000000000003 0.001 -0.6539999999999999 -0.5470000000000002 7.607476635514036 2.448598130841127 0.4766355140186941 
1.5848931924611125 1.0 0.05000000000000093 0.55 0.001 -0.5949999999999998 -0.585 14.40000000000032 59.20000000000127 53.00000000000111 
1.5848931924611125 1.0 0.05000000000000093 2.6 0.001 -0.6800000000000002 -0.15300000000000002 1.1878557874762803 0.1555977229601523 0.0664136622390886 
1.5848931924611125 1.0 0.05000000000000093 2.8000000000000003 0.001 -0.577 -0.508 3.275362318840582 12.0144927536232 1.623188405797104 
1.5848931924611125 1.0 0.10000000000000098 0.0 0.001 -0.7159999999999997 -0.5449999999999999 3.1871345029239797 3.1871345029239797 1.0000000000000027 
1.5848931924611125 1.0 0.10000000000000098 0.05 0.001 -0.7039999999999997 -0.5550000000000002 4.28859060402686 3.067114093959739 1.2013422818792 
1.5848931924611125 1.0 0.10000000000000098 0.1 0.001 -0.6840000000000002 -0.573 6.558558558558548 3.477477477477468 1.54054054054054 
1.5848931924611125 1.0 0.10000000000000098 0.2 0.001 -0.6589999999999998 -0.5949999999999998 11.078124999999984 4.5937499999999964 2.2968750000000018 
1.5848931924611125 1.0 0.10000000000000098 0.25 0.001 -0.6680000000000001 -0.5709999999999997 6.804123711340174 4.381443298969056 0.5670103092783452 
1.5848931924611125 1.0 0.10000000000000098 0.30000000000000004 0.001 -0.669 -0.556 5.601769911504426 4.504424778761061 0.03539823008849561 
1.5848931924611125 1.0 0.10000000000000098 2.85 0.001 -0.5859999999999999 -0.5760000000000001 49.800000000001084 63.600000000001366 11.100000000000213 
1.5848931924611125 1.0 0.10000000000000098 2.9000000000000004 0.001 -0.5659999999999998 -0.4990000000000001 6.074626865671667 9.95522388059706 1.3731343283582158 
1.5848931924611125 1.0 0.10000000000000098 2.95 0.001 -0.5529999999999999 -0.3860000000000001 1.5868263473053916 4.317365269461083 0.3413173652694611 
1.5848931924611125 1.0 0.10000000000000098 3.0500000000000003 0.001 -0.7149999999999999 -0.5409999999999999 2.281609195402299 4.09770114942529 0.683908045977013 
1.5848931924611125 1.0 0.10000000000000098 3.1 0.001 -0.7199999999999998 -0.5409999999999999 2.62569832402235 3.4804469273743037 0.8659217877094995 
1.5848931924611125 1.0 0.15000000000000102 0.1 0.001 -0.71 -0.5339999999999998 2.0227272727272703 3.4488636363636345 0.6420454545454539 
1.5848931924611125 1.0 0.15000000000000102 0.15000000000000002 0.001 -0.6909999999999998 -0.5459999999999998 2.7931034482758603 4.413793103448276 0.37931034482758724 
1.5848931924611125 1.0 0.15000000000000102 0.2 0.001 -0.6640000000000001 -0.569 4.810526315789462 7.0842105263157755 0.12631578947368408 
1.5848931924611125 1.0 0.15000000000000102 2.95 0.001 -0.569 -0.5510000000000002 37.055555555556 24.88888888888917 5.833333333333399 
1.5848931924611125 1.0 0.15000000000000102 3.0 0.001 -0.552 -0.488 9.90624999999999 6.203124999999998 2.375 
1.5848931924611125 1.0 0.15000000000000102 3.0500000000000003 0.001 -0.54 -0.4169999999999998 4.894308943089421 2.8292682926829205 1.455284552845528 
1.5848931924611125 1.0 0.20000000000000107 0.05 0.001 -0.7239999999999998 -0.516 0.6730769230769245 4.129807692307697 0.2548076923076923 
1.5848931924611125 1.0 0.20000000000000107 0.1 0.001 -0.7229999999999999 -0.512 0.8815165876777254 4.085308056872041 0.07582938388625604 
1.5848931924611125 1.0 0.20000000000000107 3.0500000000000003 0.001 -0.5489999999999999 -0.5270000000000001 39.136363636364 8.136363636363704 9.590909090909193 
1.5848931924611125 1.0 0.20000000000000107 3.1 0.001 -0.5329999999999999 -0.47399999999999975 14.542372881355886 2.254237288135587 3.4915254237288034 
1.5848931924611125 1.0 0.5500000000000014 1.35 0.001 -0.4889999999999999 -0.17399999999999993 0.565079365079365 0.136507936507937 0.26666666666666694 
1.5848931924611125 1.0 0.5500000000000014 1.4000000000000001 0.001 -0.45399999999999974 -0.15300000000000002 0.5913621262458475 0.27242524916943645 0.1860465116279073 
1.5848931924611125 1.0 0.5500000000000014 1.4500000000000002 0.001 -0.4119999999999999 -0.1339999999999999 0.6402877697841723 0.44604316546762623 0.10071942446043174 
1.5848931924611125 1.0 0.5500000000000014 1.5 0.001 -0.36499999999999977 -0.11499999999999977 0.7080000000000002 0.6599999999999984 0.02000000000000135 
1.5848931924611125 1.0 0.5500000000000014 1.6500000000000001 0.001 -0.22599999999999998 -0.21700000000000008 17.555555555555795 19.66666666666685 28.333333333333695 
1.5848931924611125 1.0 0.5500000000000014 1.7000000000000002 0.001 -0.18999999999999995 -0.15799999999999992 3.6562499999999964 5.562499999999993 8.812499999999993 
1.5848931924611125 1.0 0.5500000000000014 1.75 0.001 -0.15700000000000003 -0.09600000000000009 1.2131147540983664 2.9344262295081966 4.983606557377051 
1.5848931924611125 1.0 0.5500000000000014 1.8 0.001 -0.1259999999999999 -0.03699999999999992 0.4269662921348295 1.9775280898876428 3.561797752808992 
0.630957344480193 0.1 -0.0999999999999992 0.8500000000000001 0.01 -0.052000000000000046 0.03100000000000014 11.63855421686744 0.5783132530120474 0.31325301204818967 
0.630957344480193 0.1 -0.049999999999999156 0.8 0.01 -0.03799999999999981 0.03400000000000025 13.499999999999988 0.48611111111111266 0.47222222222221916 
0.630957344480193 0.31622776601683794 -0.5999999999999996 1.4500000000000002 0.01 -1.051 -0.9899999999999998 0.4262295081967169 15.86885245901635 20.229508196721262 
0.630957344480193 0.31622776601683794 -0.5499999999999996 1.5 0.01 -1.077 -1.018 0.4576271186440668 16.864406779661035 19.694915254237316 
0.630957344480193 0.31622776601683794 -0.49999999999999956 1.55 0.01 -1.0999999999999999 -1.018 12.426829268292705 13.243902439024412 0.20731707317073633 
0.630957344480193 0.31622776601683794 -0.49999999999999956 1.6 0.01 -1.1059999999999999 -1.101 219.80000000000473 201.00000000000426 20.000000000000355 
0.630957344480193 0.31622776601683794 -0.4499999999999995 1.55 0.01 -1.157 -0.931 4.128318584070798 4.5398230088495595 0.4159292035398205 
0.630957344480193 0.31622776601683794 -0.4499999999999995 1.6 0.01 -1.121 -1.043 13.346153846153836 11.730769230769221 3.1666666666666625 
0.630957344480193 0.31622776601683794 -0.0999999999999992 1.9000000000000001 0.01 -1.203 -1.176 5.3703703703703445 36.99999999999981 7.592592592592557 
0.630957344480193 0.31622776601683794 -0.049999999999999156 1.3 0.01 -0.137 -0.10099999999999998 2.499999999999994 1.0555555555555618 10.999999999999988 
0.630957344480193 0.31622776601683794 -0.049999999999999156 1.35 0.01 -0.14400000000000013 -0.13099999999999978 9.153846153845894 2.8461538461537645 27.307692307691582 
0.630957344480193 0.31622776601683794 -0.049999999999999156 1.8 0.01 -0.3879999999999999 -0.0259999999999998 0.10497237569060719 0.31215469613259655 0.04972375690607799 
0.630957344480193 0.31622776601683794 8.881784197001252e-16 1.1500000000000001 0.01 -0.09499999999999975 0.06899999999999995 5.695121951219524 0.9512195121951218 0.29878048780488087 
0.630957344480193 0.31622776601683794 0.10000000000000098 1.05 0.01 -0.07699999999999996 -0.01399999999999979 4.269841269841254 13.5396825396825 1.5555555555555634 
0.630957344480193 1.0 -0.0999999999999992 1.6500000000000001 0.01 -0.03299999999999992 0.020999999999999908 19.55555555555562 2.018518518518525 1.833333333333343 
0.630957344480193 1.0 -0.049999999999999156 1.5 0.01 -1.293 -0.4009999999999998 0.33744394618834045 0.2073991031390135 1.4394618834080712 
0.630957344480193 1.0 -0.049999999999999156 1.55 0.01 -1.29 -1.253 31.351351351351227 4.918918918918898 33.27027027027015 
0.630957344480193 1.0 -0.049999999999999156 1.6 0.01 -1.33 -0.08800000000000008 0.14653784219001606 0.9098228663446057 0.05152979066022549 
0.630957344480193 1.0 -0.049999999999999156 1.6500000000000001 0.01 -1.375 -0.08400000000000007 0.1440743609604957 0.2323780015491869 0.6963594113090628 
0.630957344480193 1.0 0.05000000000000093 1.5 0.01 -1.369 -0.08499999999999996 0.14408099688473525 0.23520249221183803 0.6939252336448598 
0.630957344480193 1.0 0.05000000000000093 1.55 0.01 -1.32 -0.08899999999999997 0.14784727863525582 0.9423233143785541 0.03005686433793657 
0.630957344480193 1.0 0.05000000000000093 1.6 0.01 -1.288 -1.224 17.656249999999986 2.8437499999999964 19.406249999999982 
0.630957344480193 1.0 0.05000000000000093 1.6500000000000001 0.01 -1.301 -0.40200000000000014 0.3337041156840938 0.2068965517241379 1.4360400444938823 
0.630957344480193 1.0 0.10000000000000098 1.6500000000000001 0.01 -1.285 -1.186 1.1212121212121213 10.646464646464649 0.5454545454545439 
2.5118864315095784 0.0031622776601683794 0.10000000000000098 0.05 0.001 -2.129 -2.1109999999999998 0.7222222222222071 1.166666666666646 115.8333333333318 
2.5118864315095784 0.0031622776601683794 0.40000000000000124 2.95 0.001 -0.008000000000000007 2.048 0.00340466926070023 0.011186770428015844 0.00486381322957188 
2.5118864315095784 0.01 0.10000000000000098 0.05 0.001 -2.13 -2.107 1.6956521739130728 0.9565217391304582 90.04347826087077 
2.5118864315095784 0.03162277660168379 8.881784197001252e-16 0.05 0.001 -2.0549999999999997 0.039000000000000146 0.008595988538681851 0.0047755491881567485 0.0028653295128938795 
2.5118864315095784 0.03162277660168379 8.881784197001252e-16 3.1 0.001 -0.07299999999999995 -0.06699999999999973 1.83333333333321 2.83333333333321 348.8333333333202 
2.5118864315095784 0.03162277660168379 0.10000000000000098 3.1 0.001 -0.07600000000000007 1.96 0.030451866404715262 0.022593320235756515 0.024066797642435897 
2.5118864315095784 0.03162277660168379 0.20000000000000107 0.1 0.001 -2.102 -2.07 2.749999999999993 0.40624999999999656 63.90624999999994 
2.5118864315095784 0.03162277660168379 0.30000000000000115 0.15000000000000002 0.001 -2.0869999999999997 -2.054 2.454545454545453 0.48484848484848647 61.60606060606077 
2.5118864315095784 0.03162277660168379 0.40000000000000124 0.2 0.001 -2.0629999999999997 -2.034 2.6206896551724164 0.517241379310343 69.62068965517263 
2.5118864315095784 0.1 8.881784197001252e-16 0.05 0.001 -1.931 0.1160000000000001 0.025403028822667338 0.0151441133365902 0.007816316560820503 
2.5118864315095784 0.1 8.881784197001252e-16 3.1 0.001 -0.21499999999999986 -0.19899999999999984 2.187499999999979 2.937500000000007 127.81249999999989 
2.5118864315095784 0.1 0.05000000000000093 3.1 0.001 -0.21199999999999974 1.75 0.0667686034658513 0.03363914373088677 0.03873598369011194 
2.5118864315095784 0.1 0.10000000000000098 3.1 0.001 -0.21899999999999986 1.7670000000000003 0.051359516616313904 0.04431017119838876 0.03222557905337364 
2.5118864315095784 0.1 0.15000000000000102 3.0500000000000003 0.001 -0.22199999999999998 1.7540000000000004 0.05566801619433168 0.0404858299595142 0.03441295546558729 
2.5118864315095784 0.1 0.20000000000000107 0.1 0.001 -1.9869999999999999 -1.98 19.142857142857416 10.14285714285732 285.42857142857565 
2.5118864315095784 0.1 0.2500000000000011 3.0 0.001 -0.22299999999999986 1.7670000000000003 0.03266331658291432 0.05226130653266336 0.02964824120603023 
2.5118864315095784 0.1 0.3500000000000012 2.95 0.001 -0.22299999999999986 1.7750000000000004 0.007507507507507347 0.06656656656656657 0.025025025025024933 
2.5118864315095784 0.1 0.9500000000000017 0.55 0.001 -1.678 -1.665 8.538461538461602 0.5384615384615516 136.23076923077028 
2.5118864315095784 0.31622776601683794 -0.049999999999999156 0.0 0.001 -1.7349999999999999 -1.633 0.7254901960784329 20.21568627450983 0.13725490196078244 
2.5118864315095784 0.31622776601683794 -0.049999999999999156 0.15000000000000002 0.001 -1.652 0.3410000000000002 0.049673858504766556 0.040140491721023616 0.01806322127446063 
2.5118864315095784 0.31622776601683794 -0.049999999999999156 3.0 0.001 -0.5579999999999998 -0.5219999999999998 2.8055555555555527 1.8333333333333273 55.722222222222165 
2.5118864315095784 0.31622776601683794 0.05000000000000093 0.0 0.001 -1.7349999999999999 -1.633 0.7254901960784329 20.21568627450983 0.13725490196078244 
2.5118864315095784 0.31622776601683794 0.05000000000000093 0.05 0.001 -1.728 -1.646 1.5853658536585338 2.048780487804878 22.865853658536565 
2.5118864315095784 0.31622776601683794 0.05000000000000093 3.1 0.001 -0.524 1.375 0.053712480252764774 0.09583991574512875 0.03317535545023729 
2.5118864315095784 0.31622776601683794 0.10000000000000098 0.05 0.001 -1.72 -1.659 2.4426229508196746 2.213114754098363 31.491803278688558 
2.5118864315095784 0.31622776601683794 0.10000000000000098 3.0500000000000003 0.001 -0.5539999999999998 1.3239999999999998 0.11714589989350409 0.046325878594249074 0.04579339723109708 
2.5118864315095784 0.31622776601683794 0.15000000000000102 0.1 0.001 -1.712 -1.657 3.836363636363642 0.8909090909090907 35.63636363636368 
2.5118864315095784 0.31622776601683794 0.15000000000000102 3.0500000000000003 0.001 -0.5619999999999998 1.3890000000000002 0.04613018964633514 0.10148641722193767 0.012813941568426175 
2.5118864315095784 0.31622776601683794 0.20000000000000107 0.15000000000000002 0.001 -1.698 -1.625 1.616438356164386 2.082191780821918 26.36986301369865 
2.5118864315095784 0.31622776601683794 0.20000000000000107 3.0 0.001 -0.5699999999999998 1.4050000000000002 0.018734177215189832 0.0972151898734178 0.036455696202531675 
2.5118864315095784 0.31622776601683794 0.5500000000000014 2.75 0.001 -0.5659999999999998 1.327 0.00898045430533563 0.05916534601162182 0.03750660327522437 
2.5118864315095784 0.31622776601683794 0.7000000000000015 0.5 0.001 -1.461 -1.417 2.4318181818181794 0.8636363636363636 41.68181818181815 
2.5118864315095784 0.31622776601683794 0.7500000000000016 2.6 0.001 -0.5609999999999999 1.2389999999999999 0.013888888888889088 0.08611111111111126 0.008888888888888898 
2.5118864315095784 1.0 -0.2999999999999994 0.35000000000000003 0.001 -1.128 0.8160000000000003 0.01234567901234546 0.057098765432098866 0.042181069958847885 
2.5118864315095784 1.0 -0.24999999999999933 2.85 0.001 -1.048 -0.927 0.6280991735537196 0.19008264462810026 16.214876033057852 
2.5118864315095784 1.0 -0.0999999999999992 0.1 0.001 -1.1099999999999999 0.8360000000000003 0.033401849948612505 0.1053442959917778 0.020041109969167824 
2.5118864315095784 1.0 -0.0999999999999992 3.0 0.001 -1.137 -1.076 1.5245901639344273 3.639344262295085 30.836065573770526 
2.5118864315095784 1.0 -0.049999999999999156 3.0500000000000003 0.001 -1.154 -1.081 1.2602739726027417 3.315068493150687 25.20547945205481 
2.5118864315095784 1.0 0.05000000000000093 3.0500000000000003 0.001 -1.093 0.7469999999999999 0.1315217391304348 0.05000000000000029 0.039673913043478 
2.5118864315095784 1.0 0.10000000000000098 0.1 0.001 -1.145 -1.1059999999999999 5.256410256410239 1.666666666666659 49.89743589743571 
2.5118864315095784 1.0 0.10000000000000098 3.0 0.001 -1.1199999999999999 0.7610000000000001 0.11802232854864432 0.049441786283891766 0.03242955874534819 
2.5118864315095784 1.0 0.2500000000000011 2.85 0.001 -1.134 0.8280000000000003 0.011722731906217984 0.03873598369011216 0.061671763506625885 
2.5118864315095784 1.0 0.30000000000000115 0.35000000000000003 0.001 -1.033 -0.9510000000000001 1.3536585365853708 0.2926829268292691 23.707317073170774 
0.5011872336272721 0.31622776601683794 -0.7499999999999998 1.55 0.01 -1.531 -1.3719999999999999 8.610062893081757 9.459119496855347 0.05031446540880507 
0.5011872336272721 0.31622776601683794 0.05000000000000093 1.05 0.01 -0.04400000000000004 0.008000000000000007 1.9615384615384572 28.78846153846152 1.6346153846153826 
0.5011872336272721 0.31622776601683794 0.05000000000000093 2.1 0.01 -1.705 -1.567 10.586956521739122 0.7101449275362303 0.38405797101449196 
0.5011872336272721 1.0 -0.049999999999999156 1.55 0.01 -1.751 -1.65 16.06930693069307 0.5445544554455463 17.524752475247528 
0.5011872336272721 1.0 -0.049999999999999156 1.6 0.01 -1.806 -0.028000000000000025 0.03093363329583811 0.9493813273340831 0.01968503937007882 
0.5011872336272721 1.0 0.05000000000000093 1.55 0.01 -1.798 -0.028000000000000025 0.031073446327683704 0.916949152542373 0.057062146892655354 
0.5011872336272721 1.0 0.05000000000000093 1.6 0.01 -1.75 -1.715 48.228571428571534 1.5714285714285796 50.80000000000012 
1.5848931924611125 0.0031622776601683794 0.05000000000000093 3.1 0.01 -0.005999999999999783 0.851 0.10151691948658134 0.028004667444574128 0.038506417736289295 
1.5848931924611125 0.03162277660168379 8.881784197001252e-16 3.1 0.01 -0.03399999999999981 0.028999999999999915 13.126984126984183 1.7460317460317587 2.476190476190482 
1.5848931924611125 0.03162277660168379 0.05000000000000093 0.1 0.01 -1.1199999999999999 -0.9590000000000001 0.6521739130434789 1.9813664596273313 3.701863354037272 
1.5848931924611125 0.03162277660168379 0.05000000000000093 3.0500000000000003 0.01 -0.06000000000000005 0.5979999999999999 0.35562310030395206 0.20364741641337372 0.22644376899696056 
1.5848931924611125 0.03162277660168379 0.10000000000000098 0.15000000000000002 0.01 -1.1059999999999999 -0.956 0.9199999999999999 0.913333333333334 4.920000000000003 
1.5848931924611125 0.1 -0.049999999999999156 0.1 0.01 -0.8940000000000001 -0.863 29.225806451612776 1.548387096774188 1.483870967741923 
1.5848931924611125 0.1 -0.049999999999999156 3.0500000000000003 0.01 -0.1379999999999999 -0.09200000000000008 1.0434782608695703 19.50000000000008 0.9130434782608692 
1.5848931924611125 0.1 8.881784197001252e-16 0.05 0.01 -1.121 -0.9500000000000002 2.017543859649126 2.4444444444444478 1.748538011695908 
1.5848931924611125 0.1 8.881784197001252e-16 0.15000000000000002 0.01 -0.8959999999999999 -0.8540000000000001 17.73809523809532 5.023809523809542 0.690476190476202 
1.5848931924611125 0.1 8.881784197001252e-16 3.0 0.01 -0.1299999999999999 -0.10199999999999987 7.678571428571416 26.035714285714267 2.0 
1.5848931924611125 0.1 8.881784197001252e-16 3.1 0.01 -0.1120000000000001 0.20299999999999985 1.1269841269841285 1.2698412698412698 0.49523809523809437 
1.5848931924611125 0.1 0.05000000000000093 0.05 0.01 -1.026 -0.5550000000000002 1.341825902335457 0.04883227176220836 0.07006369426751577 
1.5848931924611125 0.1 0.05000000000000093 0.15000000000000002 0.01 -0.915 -0.71 1.653658536585365 0.4097560975609758 1.9317073170731696 
1.5848931924611125 0.1 0.05000000000000093 0.2 0.01 -0.8959999999999999 -0.839 9.877192982456155 1.333333333333336 5.54385964912281 
1.5848931924611125 0.1 0.05000000000000093 2.95 0.01 -0.11499999999999977 0.21300000000000008 0.2256097560975606 1.6341463414634154 0.23170731707317105 
1.5848931924611125 0.1 0.10000000000000098 0.25 0.01 -0.8940000000000001 -0.8130000000000002 4.7530864197530915 0.8148148148148132 6.617283950617288 
1.5848931924611125 0.1 0.10000000000000098 2.9000000000000004 0.01 -0.17399999999999993 0.3730000000000002 0.1389396709323584 0.6270566727605117 0.19012797074954227 
1.5848931924611125 0.1 0.15000000000000102 0.30000000000000004 0.01 -0.8879999999999999 -0.762 1.5079365079365088 1.0238095238095248 4.8253968253968305 
1.5848931924611125 0.1 0.15000000000000102 2.8000000000000003 0.01 -0.16199999999999992 0.39400000000000013 0.11690647482014378 0.7374100719424462 0.01978417266186992 
1.5848931924611125 0.1 0.20000000000000107 0.4 0.01 -0.8700000000000001 -0.8599999999999999 32.99999999999925 9.099999999999765 59.49999999999864 
1.5848931924611125 0.1 0.20000000000000107 2.75 0.01 -0.15700000000000003 0.44799999999999995 0.16859504132231456 0.48429752066115656 0.046280991735537236 
1.5848931924611125 0.1 0.2500000000000011 0.45 0.01 -0.8580000000000001 -0.8260000000000001 6.75 4.25 19.656249999999982 
1.5848931924611125 0.1 0.2500000000000011 2.7 0.01 -0.1549999999999998 0.4830000000000001 0.24921630094043862 0.2476489028213172 0.09247648902821275 
1.5848931924611125 0.31622776601683794 -0.24999999999999933 1.5 0.01 -0.13200000000000012 -0.04499999999999993 1.6896551724137872 0.7471264367816121 0.12643678160919142 
1.5848931924611125 0.31622776601683794 -0.14999999999999925 0.0 0.01 -1.042 -0.7709999999999999 0.5424354243542425 3.210332103321032 0.06273062730627268 
1.5848931924611125 0.31622776601683794 -0.14999999999999925 0.1 0.01 -0.7709999999999999 -0.7589999999999999 78.83333333333327 4.833333333333315 9.166666666666648 
1.5848931924611125 0.31622776601683794 -0.14999999999999925 3.0500000000000003 0.01 -0.35299999999999976 -0.246 0.5140186915887877 8.77570093457946 0.20560747663551257 
1.5848931924611125 0.31622776601683794 -0.0999999999999992 0.1 0.01 -0.7749999999999999 -0.6699999999999999 6.971428571428574 1.7999999999999967 1.0 
1.5848931924611125 0.31622776601683794 -0.0999999999999992 0.15000000000000002 0.01 -0.7770000000000001 -0.746 25.645161290322463 6.483870967741908 3.1935483870967665 
1.5848931924611125 0.31622776601683794 -0.0999999999999992 3.0 0.01 -0.3500000000000001 -0.25 1.9899999999999967 7.849999999999994 0.4200000000000022 
1.5848931924611125 0.31622776601683794 -0.0999999999999992 3.0500000000000003 0.01 -0.35599999999999987 -0.2509999999999999 1.7714285714285711 6.866666666666669 1.1428571428571441 
1.5848931924611125 0.31622776601683794 -0.049999999999999156 0.05 0.01 -1.021 -0.8069999999999999 2.719626168224299 2.3084112149532725 0.3551401869158882 
1.5848931924611125 0.31622776601683794 -0.049999999999999156 0.2 0.01 -0.7810000000000001 -0.7239999999999998 10.701754385964838 7.070175438596444 0.5614035087719266 
1.5848931924611125 0.31622776601683794 -0.049999999999999156 2.95 0.01 -0.3169999999999997 -0.2919999999999998 16.36000000000005 23.68000000000009 2.840000000000017 
1.5848931924611125 0.31622776601683794 -0.049999999999999156 3.1 0.01 -0.3460000000000001 -0.26900000000000013 6.000000000000005 8.02597402597403 2.7012987012987053 
1.5848931924611125 0.31622776601683794 8.881784197001252e-16 0.25 0.01 -0.782 -0.6829999999999998 3.9393939393939283 5.6767676767676685 0.7777777777777758 
1.5848931924611125 0.31622776601683794 8.881784197001252e-16 2.85 0.01 -0.34399999999999986 -0.27 6.932432432432446 7.094594594594614 0.2297297297297289 
1.5848931924611125 0.31622776601683794 8.881784197001252e-16 2.9000000000000004 0.01 -0.347 -0.26900000000000013 7.3846153846154 4.525641025641037 1.5641025641025657 
1.5848931924611125 0.31622776601683794 0.10000000000000098 0.1 0.01 -0.9220000000000002 -0.8860000000000001 17.16666666666666 12.333333333333321 2.611111111111105 
1.5848931924611125 0.31622776601683794 0.10000000000000098 0.15000000000000002 0.01 -0.9689999999999999 -0.8559999999999999 5.867256637168141 3.6991150442477894 0.4778761061946888 
1.5848931924611125 0.31622776601683794 0.10000000000000098 0.2 0.01 -0.984 -0.819 4.1151515151515135 2.545454545454547 0.0606060606060593 
1.5848931924611125 0.31622776601683794 0.10000000000000098 0.4 0.01 -0.7770000000000001 -0.694 2.0481927710843317 5.7349397590361315 5.204819277108421 
1.5848931924611125 0.31622776601683794 0.10000000000000098 2.95 0.01 -0.2879999999999998 -0.27 23.222222222222495 37.555555555556 8.833333333333425 
1.5848931924611125 0.31622776601683794 0.10000000000000098 3.0 0.01 -0.27700000000000014 -0.21599999999999975 6.8852459016392995 10.819672131147467 1.639344262295073 
1.5848931924611125 0.31622776601683794 0.10000000000000098 3.0500000000000003 0.01 -0.26900000000000013 -0.16800000000000015 4.47524752475248 5.782178217821779 0.8712871287128723 
1.5848931924611125 0.31622776601683794 0.15000000000000102 0.0 0.01 -1.042 -0.7709999999999999 0.5424354243542425 3.210332103321032 0.06273062730627268 
1.5848931924611125 1.0 -0.5499999999999996 1.35 0.01 -0.12400000000000011 -0.08699999999999974 3.351351351351309 3.486486486486452 8.729729729729643 
1.5848931924611125 1.0 -0.5499999999999996 1.4000000000000001 0.01 -0.15399999999999991 -0.14100000000000001 11.23076923076931 10.76923076923086 23.692307692307896 
1.5848931924611125 1.0 -0.5499999999999996 1.75 0.01 -0.45999999999999996 -0.14800000000000013 0.4423076923076936 0.4519230769230772 0.057692307692307064 
1.5848931924611125 1.0 -0.5499999999999996 1.8 0.01 -0.4929999999999999 -0.16900000000000004 0.38580246913580263 0.3796296296296305 0.12345679012345696 
1.5848931924611125 1.0 -0.1999999999999993 0.05 0.01 -0.5289999999999999 -0.4979999999999998 28.677419354838573 3.8387096774193448 6.903225806451581 
1.5848931924611125 1.0 -0.1999999999999993 3.1 0.01 -0.7109999999999999 -0.5110000000000001 0.5550000000000018 4.445000000000005 0.19000000000000153 
1.5848931924611125 1.0 -0.14999999999999925 0.05 0.01 -0.5270000000000001 -0.379 4.256756756756753 1.837837837837838 1.3378378378378364 
1.5848931924611125 1.0 -0.14999999999999925 0.1 0.01 -0.536 -0.44899999999999984 7.482758620689637 3.7471264367816017 2.0919540229885003 
1.5848931924611125 1.0 -0.14999999999999925 0.15000000000000002 0.01 -0.548 -0.5179999999999998 22.66666666666647 12.53333333333324 5.066666666666614 
1.5848931924611125 1.0 -0.14999999999999925 3.0 0.01 -0.694 -0.536 2.3291139240506333 4.2658227848101316 0.24683544303797292 
1.5848931924611125 1.0 -0.14999999999999925 3.0500000000000003 0.01 -0.7119999999999997 -0.5270000000000001 1.713513513513518 3.502702702702711 0.5189189189189205 
1.5848931924611125 1.0 -0.0999999999999992 0.0 0.01 -0.7159999999999997 -0.5390000000000001 3.045197740113002 3.045197740113002 1.0000000000000024 
1.5848931924611125 1.0 -0.0999999999999992 0.05 0.01 -0.7199999999999998 -0.5350000000000001 2.4486486486486556 3.405405405405412 0.8432432432432457 
1.5848931924611125 1.0 -0.0999999999999992 0.1 0.01 -0.7119999999999997 -0.5350000000000001 2.180790960451983 4.0338983050847546 0.66666666666667 
1.5848931924611125 1.0 -0.0999999999999992 0.2 0.01 -0.5489999999999999 -0.44399999999999995 3.533333333333334 6.295238095238097 0.6666666666666653 
1.5848931924611125 1.0 -0.0999999999999992 0.25 0.01 -0.5619999999999998 -0.5379999999999998 19.874999999999975 26.083333333333307 4.291666666666671 
1.5848931924611125 1.0 -0.0999999999999992 2.9000000000000004 0.01 -0.6669999999999998 -0.5680000000000001 6.363636363636383 4.666666666666676 0.35353535353535587 
1.5848931924611125 1.0 -0.0999999999999992 2.95 0.01 -0.6549999999999998 -0.593 10.79032258064519 5.645161290322597 1.9516129032258116 
1.5848931924611125 1.0 -0.0999999999999992 3.0 0.01 -0.6400000000000001 -0.5939999999999999 15.499999999999913 3.717391304347801 5.413043478260841 
1.5848931924611125 1.0 -0.0999999999999992 3.0500000000000003 0.01 -0.6869999999999998 -0.5609999999999999 5.563492063492069 3.134920634920638 1.4285714285714275 
1.5848931924611125 1.0 -0.0999999999999992 3.1 0.01 -0.706 -0.5459999999999998 3.843749999999995 2.9124999999999988 1.1562499999999993 
1.5848931924611125 1.0 -0.049999999999999156 0.35000000000000003 0.01 -0.573 -0.5640000000000001 36.6666666666671 86.11111111111208 12.555555555555697 
1.5848931924611125 1.0 -0.049999999999999156 2.8000000000000003 0.01 -0.6499999999999999 -0.5409999999999999 7.211009174311928 2.75229357798165 0.2293577981651409 
1.5848931924611125 1.0 0.05000000000000093 0.35000000000000003 0.01 -0.6339999999999999 -0.5409999999999999 8.333333333333336 3.5483870967741953 0.09677419354838601 
1.5848931924611125 1.0 0.05000000000000093 2.8000000000000003 0.01 -0.5699999999999998 -0.5449999999999999 12.000000000000036 31.44000000000011 4.72000000000003 
1.5848931924611125 1.0 0.10000000000000098 0.0 0.01 -0.7159999999999997 -0.5390000000000001 3.045197740113002 3.045197740113002 1.0000000000000024 
1.5848931924611125 1.0 0.10000000000000098 0.05 0.01 -0.7029999999999998 -0.548 4.0645161290322624 2.922580645161296 1.193548387096776 
1.5848931924611125 1.0 0.10000000000000098 0.1 0.01 -0.6829999999999998 -0.565 6.050847457627125 3.2711864406779703 1.5000000000000018 
1.5848931924611125 1.0 0.10000000000000098 0.2 0.01 -0.6579999999999999 -0.5880000000000001 9.442857142857164 5.300000000000012 1.500000000000003 
1.5848931924611125 1.0 0.10000000000000098 0.25 0.01 -0.6680000000000001 -0.565 6.077669902912608 4.6310679611650425 0.23300970873786384 
1.5848931924611125 1.0 0.10000000000000098 2.9000000000000004 0.01 -0.5590000000000002 -0.524 13.199999999999951 17.999999999999925 2.828571428571423 
1.5848931924611125 1.0 0.10000000000000098 2.95 0.01 -0.5470000000000002 -0.42600000000000016 2.8842975206611587 5.537190082644628 0.5123966942148783 
1.5848931924611125 1.0 0.10000000000000098 3.0 0.01 -0.5390000000000001 -0.2879999999999998 0.7011952191235039 2.81274900398406 0.18326693227091714 
1.5848931924611125 1.0 0.10000000000000098 3.0500000000000003 0.01 -0.7149999999999999 -0.5350000000000001 2.194444444444448 3.894444444444451 0.700000000000003 
1.5848931924611125 1.0 0.10000000000000098 3.1 0.01 -0.7199999999999998 -0.5350000000000001 2.518918918918925 3.3243243243243326 0.864864864864865 
1.5848931924611125 1.0 0.15000000000000102 0.05 0.01 -0.7210000000000001 -0.5230000000000001 1.3686868686868707 3.1868686868686864 0.7474747474747483 
1.5848931924611125 1.0 0.15000000000000102 0.1 0.01 -0.71 -0.528 1.7912087912087922 3.5769230769230793 0.47802197802197677 
1.5848931924611125 1.0 0.15000000000000102 0.15000000000000002 0.01 -0.6909999999999998 -0.5379999999999998 2.4509803921568625 4.450980392156862 0.1960784313725477 
1.5848931924611125 1.0 0.15000000000000102 3.0 0.01 -0.5449999999999999 -0.5059999999999998 17.30769230769224 9.410256410256375 4.051282051282034 
1.5848931924611125 1.0 0.15000000000000102 3.0500000000000003 0.01 -0.5339999999999998 -0.43800000000000017 6.7395833333333615 3.312500000000013 1.927083333333341 
1.5848931924611125 1.0 0.20000000000000107 0.05 0.01 -0.7239999999999998 -0.5099999999999998 0.5560747663551392 4.154205607476637 0.14485981308411075 
1.5848931924611125 1.0 0.20000000000000107 3.1 0.01 -0.5270000000000001 -0.4889999999999999 23.3947368421051 2.921052631578933 5.578947368421009 
1.5848931924611125 1.0 0.5500000000000014 1.35 0.01 -0.4889999999999999 -0.16599999999999993 0.39938080495356043 0.38390092879257004 0.11455108359133104 
1.5848931924611125 1.0 0.5500000000000014 1.4000000000000001 0.01 -0.45299999999999985 -0.14500000000000002 0.4545454545454552 0.47402597402597396 0.04220779220779191 
1.5848931924611125 1.0 0.5500000000000014 1.75 0.01 -0.14900000000000002 -0.13099999999999978 7.833333333333231 7.6666666666665595 17.333333333333094 
1.5848931924611125 1.0 0.5500000000000014 1.8 0.01 -0.11899999999999977 -0.07899999999999974 3.0499999999999945 3.1499999999999946 8.099999999999989 
1.2589254117941662 0.001 0.4500000000000013 1.9000000000000001 0.01 -0.016999999999999904 0.133 0.08000000000000011 0.09333333333333495 0.28666666666666485 
1.2589254117941662 0.03162277660168379 0.05000000000000093 2.75 0.01 -0.08400000000000007 -0.016999999999999904 3.8358208955223803 3.2537313432835733 0.28358208955223335 
1.2589254117941662 0.03162277660168379 0.10000000000000098 0.5 0.01 -0.46899999999999986 -0.44799999999999995 6.190476190476213 10.28571428571434 7.047619047619085 
1.2589254117941662 0.03162277660168379 0.3500000000000012 0.6000000000000001 0.01 -0.5169999999999999 -0.504 10.923076923077 5.538461538461585 26.076923076923276 
1.2589254117941662 0.03162277660168379 0.40000000000000124 2.4000000000000004 0.01 -0.04599999999999982 0.23899999999999988 0.16842105263157928 0.33684210526315855 0.24561403508772056 
1.2589254117941662 0.1 -0.0999999999999992 0.2 0.01 -0.48999999999999977 -0.34099999999999975 1.5436241610738253 1.0939597315436227 0.4161073825503344 
1.2589254117941662 0.1 -0.0999999999999992 0.25 0.01 -0.4910000000000001 -0.42399999999999993 4.940298507462673 2.07462686567164 0.9850746268656667 
1.2589254117941662 0.1 -0.0999999999999992 0.30000000000000004 0.01 -0.496 -0.484 33.33333333333329 10.416666666666657 5.749999999999991 
1.2589254117941662 0.1 -0.0999999999999992 2.85 0.01 -0.11099999999999977 -0.041999999999999815 1.8405797101449257 5.637681159420297 0.3043478260869554 
1.2589254117941662 0.1 -0.0999999999999992 2.9000000000000004 0.01 -0.11299999999999999 -0.04700000000000015 2.151515151515162 4.803030303030311 1.1969696969697026 
1.2589254117941662 0.1 -0.0999999999999992 2.95 0.01 -0.11399999999999988 -0.052999999999999936 2.7540983606557425 3.426229508196726 2.7213114754098373 
1.2589254117941662 0.1 -0.049999999999999156 0.4 0.01 -0.5030000000000001 -0.488 18.533333333333182 17.333333333333204 2.866666666666623 
1.2589254117941662 0.1 -0.049999999999999156 2.75 0.01 -0.09399999999999986 -0.04999999999999982 6.0454545454545405 5.909090909090899 0.5909090909090959 
1.2589254117941662 0.1 8.881784197001252e-16 0.5 0.01 -0.5059999999999998 -0.488 9.777777777777898 21.27777777777802 1.5 
1.2589254117941662 0.1 8.881784197001252e-16 2.6500000000000004 0.01 -0.09799999999999986 -0.07099999999999973 14.740740740740655 5.296296296296279 1.2962962962962787 
1.2589254117941662 0.1 0.40000000000000124 0.65 0.01 -0.5329999999999999 -0.5099999999999998 6.782608695652121 7.260869565217361 12.826086956521662 
1.2589254117941662 0.31622776601683794 -0.24999999999999933 0.15000000000000002 0.01 -0.45199999999999996 -0.33099999999999996 2.6942148760330586 1.2561983471074392 1.0909090909090882 
1.2589254117941662 0.31622776601683794 -0.24999999999999933 0.2 0.01 -0.46599999999999975 -0.4039999999999999 6.258064516129047 2.4032258064516197 2.4354838709677527 
1.2589254117941662 0.31622776601683794 -0.24999999999999933 0.25 0.01 -0.4830000000000001 -0.4710000000000001 37.16666666666665 12.083333333333323 13.749999999999991 
1.2589254117941662 0.31622776601683794 -0.24999999999999933 2.9000000000000004 0.01 -0.28500000000000014 -0.12199999999999989 0.8957055214723907 2.674846625766867 0.1226993865030674 
1.2589254117941662 0.31622776601683794 -0.24999999999999933 2.95 0.01 -0.2839999999999998 -0.13600000000000012 1.013513513513518 2.554054054054057 0.47972972972973194 
1.2589254117941662 0.31622776601683794 -0.24999999999999933 3.0 0.01 -0.27700000000000014 -0.14900000000000002 1.1875 2.4609374999999973 1.03125 
1.2589254117941662 0.31622776601683794 -0.1999999999999993 0.30000000000000004 0.01 -0.488 -0.383 1.5333333333333339 3.1904761904761907 1.6000000000000016 
1.2589254117941662 0.31622776601683794 -0.1999999999999993 0.35000000000000003 0.01 -0.5049999999999999 -0.4889999999999999 19.312499999999964 17.75 10.687499999999979 
1.2589254117941662 0.31622776601683794 -0.1999999999999993 1.25 0.01 -0.20999999999999996 -0.07499999999999973 1.014814814814813 0.05925925925925921 2.9111111111111048 
1.2589254117941662 0.31622776601683794 -0.1999999999999993 1.3 0.01 -0.21899999999999986 -0.09699999999999998 1.1721311475409866 0.1311475409836068 3.0327868852459017 
1.2589254117941662 0.31622776601683794 -0.1999999999999993 1.35 0.01 -0.2290000000000001 -0.12299999999999978 1.46226415094339 0.2075471698113224 3.2547169811320633 
1.2589254117941662 0.31622776601683794 -0.1999999999999993 1.4000000000000001 0.01 -0.23999999999999977 -0.1509999999999998 1.9101123595505616 0.30337078651685556 3.6067415730337062 
1.2589254117941662 0.31622776601683794 -0.1999999999999993 1.4500000000000002 0.01 -0.2509999999999999 -0.18199999999999994 2.7536231884057982 0.42028985507246286 4.362318840579715 
1.2589254117941662 0.31622776601683794 -0.1999999999999993 1.5 0.01 -0.2639999999999998 -0.21599999999999975 4.458333333333329 0.6458333333333264 5.895833333333336 
1.2589254117941662 0.31622776601683794 -0.1999999999999993 1.6 0.01 -0.2919999999999998 -0.020999999999999908 0.11439114391143966 0.8671586715867157 0.11439114391143966 
1.2589254117941662 0.31622776601683794 -0.1999999999999993 1.6500000000000001 0.01 -0.31599999999999984 -0.029999999999999805 0.10839160839160732 0.730769230769231 0.18181818181818196 
1.2589254117941662 0.31622776601683794 -0.1999999999999993 1.7000000000000002 0.01 -0.34299999999999997 -0.039000000000000146 0.0953947368421065 0.6151315789473683 0.23684210526315824 
1.2589254117941662 0.31622776601683794 -0.1999999999999993 1.75 0.01 -0.3719999999999999 -0.04700000000000015 0.08000000000000082 0.5138461538461537 0.28307692307692356 
1.2589254117941662 0.31622776601683794 -0.1999999999999993 1.8 0.01 -0.4049999999999998 -0.05500000000000016 0.060000000000001066 0.43428571428571383 0.3114285714285717 
1.2589254117941662 0.31622776601683794 -0.1999999999999993 1.85 0.01 -0.43699999999999983 -0.06400000000000006 0.04289544235924939 0.37801608579088497 0.3324396782841828 
1.2589254117941662 0.31622776601683794 -0.1999999999999993 1.9000000000000001 0.01 -0.46799999999999997 -0.07200000000000006 0.017676767676767978 0.3434343434343438 0.3459595959595961 
1.2589254117941662 0.31622776601683794 -0.1999999999999993 2.8000000000000003 0.01 -0.2759999999999998 -0.10599999999999987 1.7117647058823533 1.7000000000000015 0.1647058823529414 
1.2589254117941662 0.31622776601683794 -0.1999999999999993 2.85 0.01 -0.28200000000000003 -0.11499999999999977 2.1257485029940084 0.7065868263473036 0.7604790419161651 
1.2589254117941662 0.31622776601683794 -0.14999999999999925 0.45 0.01 -0.524 -0.508 12.25 26.74999999999997 8.062499999999993 
1.2589254117941662 0.31622776601683794 -0.14999999999999925 2.7 0.01 -0.2469999999999999 -0.11699999999999999 3.430769230769235 1.207692307692309 0.2615384615384603 
1.2589254117941662 0.31622776601683794 0.2500000000000011 0.1 0.01 -0.7999999999999998 -0.4169999999999998 1.067885117493472 0.4751958224543079 0.14360313315926934 
1.2589254117941662 0.31622776601683794 0.2500000000000011 3.0500000000000003 0.01 -0.22599999999999998 -0.16199999999999992 2.6875 6.374999999999993 5.984374999999995 
1.2589254117941662 1.0 -0.3499999999999994 1.4500000000000002 0.01 -0.351 -0.28500000000000014 2.7727272727272836 3.5000000000000067 6.27272727272729 
1.2589254117941662 1.0 -0.3499999999999994 1.5 0.01 -0.3759999999999999 -0.36499999999999977 23.909090909090637 20.18181818181796 34.272727272726875 
1.2589254117941662 1.0 -0.3499999999999994 1.6500000000000001 0.01 -0.5049999999999999 -0.121 0.5807291666666665 0.6510416666666669 0.05208333333333339 
1.2589254117941662 1.0 -0.3499999999999994 1.7000000000000002 0.01 -0.5499999999999998 -0.1299999999999999 0.5547619047619051 0.39761904761904726 0.18095238095238114 
1.2589254117941662 1.0 -0.2999999999999994 0.25 0.01 -0.4129999999999998 -0.3900000000000001 11.956521739130613 15.782608695652389 13.695652173913228 
1.2589254117941662 1.0 -0.2999999999999994 2.9000000000000004 0.01 -0.5640000000000001 -0.25 1.1687898089171973 0.8184713375796181 0.10828025477706943 
1.2589254117941662 1.0 0.30000000000000115 0.2 0.01 -0.5720000000000001 -0.2589999999999999 1.3067092651757175 0.42172523961661357 0.33865814696485563 
1.2589254117941662 1.0 0.30000000000000115 0.25 0.01 -0.5630000000000002 -0.24799999999999978 1.152380952380951 0.8730158730158717 0.07301587301587334 
1.2589254117941662 1.0 0.30000000000000115 2.9000000000000004 0.01 -0.4079999999999999 -0.3740000000000001 7.529411764705931 10.823529411764763 9.235294117647113 
1.2589254117941662 1.0 0.3500000000000012 1.4500000000000002 0.01 -0.5419999999999998 -0.129 0.559322033898305 0.44552058111380205 0.15738498789346242 
1.2589254117941662 1.0 0.3500000000000012 1.5 0.01 -0.4969999999999999 -0.1200000000000001 0.5888594164456237 0.697612732095492 0.029177718832890408 
1.2589254117941662 1.0 0.3500000000000012 1.6500000000000001 0.01 -0.3719999999999999 -0.35199999999999987 12.49999999999999 11.149999999999983 19.199999999999978 
1.2589254117941662 1.0 0.3500000000000012 1.7000000000000002 0.01 -0.3460000000000001 -0.27 2.210526315789474 3.0526315789473624 5.526315789473684 
